H0,F0,C,Modeled_RDI,Final_L,Final_H,Final_F,Final_DTRI
0.4,0.4,0.35,0.5500000000000045,0.2129762232933903,0.3301264973684956,0.3249748733521787,0.2871288748970832
0.4,0.41250000000000003,0.35,0.5500000000000045,0.2129762232933903,0.3329806451028094,0.32990171111228,0.2905451062082567
0.4,0.42500000000000004,0.35,0.5500000000000045,0.2129762232933903,0.3358113986929976,0.33480749971750257,0.2939389180164425
0.4,0.4375,0.35,0.5500000000000045,0.2129762232933903,0.3386190174875157,0.3396924686657302,0.2973106163926015
0.4,0.45,0.35,0.5500000000000045,0.2129762232933903,0.3414037571825371,0.34455684425939936,0.3006604992419654
0.4,0.4625,0.35,0.5500000000000045,0.2129762232933903,0.3441658698852165,0.349400849660419,0.30398885672181386
0.4,0.47500000000000003,0.35,0.5500000000000045,0.2129762232933903,0.346905604175651,0.35422470494396535,0.30729597162733
0.4,0.48750000000000004,0.35,0.5500000000000045,0.2129762232933903,0.3496232051675605,0.35902862715116945,0.3105821197485608
0.4,0.5,0.35,0.5500000000000045,0.2129762232933903,0.35231891456773107,0.3638128303407342,0.31384757020119236
0.4,0.5125000000000001,0.35,0.5500000000000045,0.2129762232933903,0.35499297073423347,0.36857752563950436,0.3170925857335414
0.4,0.525,0.35,0.5500000000000045,0.2129762232933903,0.3576456087334608,0.3733229212920018,0.3203174230119152
0.4,0.5375000000000001,0.35,0.5500000000000045,0.2129762232933903,0.3602770603960033,0.3780492227089684,0.32352233288627247
0.4,0.55,0.35,0.5500000000000045,0.2129762232933903,0.3628875543713964,0.3827566325149314,0.3267075606379089
0.4,0.5625,0.35,0.5500000000000045,0.2129762232933903,0.36547731618176044,0.3874453505948074,0.329873346210715
0.4,0.5750000000000001,0.35,0.5500000000000045,0.2129762232933903,0.3680465682743616,0.3921155741395844,0.3330199244274088
0.4,0.5875,0.35,0.5500000000000045,0.2129762232933903,0.3705955300731191,0.3967674976910828,0.3361475251919905
0.4,0.6000000000000001,0.35,0.5500000000000045,0.2129762232933903,0.3731244180290907,0.40140131318583766,0.33925637367956724
0.4,0.6125,0.35,0.5500000000000045,0.2129762232933903,0.3756334456699374,0.40601720999810326,0.34234669051455147
0.4,0.625,0.35,0.5500000000000045,0.2129762232933903,0.37812282364842253,0.4106153749820149,0.34541869193818175
0.4,0.6375000000000001,0.35,0.5500000000000045,0.2129762232933903,0.38059275978994095,0.41519599251291744,0.3484725899661894
0.4,0.65,0.35,0.5500000000000045,0.2129762232933903,0.38304345913911675,0.4197592445278891,0.3515085925373831
0.4,0.6625000000000001,0.35,0.5500000000000045,0.2129762232933903,0.3854751240054795,0.42430531056546533,0.35452690365383516
0.4,0.675,0.35,0.5500000000000045,0.2129762232933903,0.38788795400825193,0.4288343678045961,0.3575277235133079
0.4,0.6875,0.35,0.5500000000000045,0.2129762232933903,0.3902821461202613,0.4333465911028485,0.3605112486344912
0.4,0.7000000000000001,0.35,0.5500000000000045,0.2129762232933903,0.39265789471099005,0.4378421530338576,0.3634776719755634
0.4,0.7125,0.35,0.5500000000000045,0.2129762232933903,0.3950153915888014,0.44232122392407053,0.36642718304657507
0.4,0.7250000000000001,0.35,0.5555000000000045,0.21038939794435324,0.3971126434313957,0.4463420525092362,0.36927407959279296
0.4,0.7375,0.35,0.5636666666666712,0.20644839140654733,0.398970425661323,0.45000616187777687,0.3719744566366068
0.4,0.75,0.35,0.5716666666666714,0.20248682055906259,0.4006975430273325,0.45352225822343606,0.37455787901392107
0.4,0.7625000000000001,0.35,0.579500000000005,0.19852641561046677,0.40230023291301825,0.45689824720089167,0.3770284807709056
0.4,0.775,0.35,0.5871666666666716,0.1945863934993888,0.4037850459155939,0.46014230300099146,0.3793908249126591
0.4,0.7875000000000001,0.35,0.5946111111111159,0.19071253976869648,0.4051657338266208,0.4632723068389731,0.38165460496908055
0.4,0.8,0.35,0.6019444444444491,0.18686133777378036,0.40643594236850705,0.46627835810558954,0.38381608227441877
0.4,0.8125,0.35,0.6089444444444488,0.18316219243548856,0.40763453013645967,0.4692113440784801,0.3859032780891725
0.4,0.8250000000000001,0.35,0.6159444444444486,0.17944920246633858,0.40871914520664926,0.47201422063538984,0.38788646913736197
0.4,0.8375,0.35,0.6227222222222257,0.17584842345442375,0.4097301126524018,0.4747393300856303,0.3897952426967337
0.4,0.8500000000000001,0.35,0.6293888888888917,0.17230791170382823,0.4106546799475477,0.47736954114492086,0.39162066740824114
0.4,0.8625,0.35,0.6359444444444465,0.16883350571814743,0.4114972476518291,0.4799102525609795,0.3933662833821654
0.4,0.875,0.35,0.6422777777777792,0.16548862282837237,0.41228665913323675,0.48239712912382654,0.39505470385281327
0.4,0.8875000000000001,0.35,0.6483888888888896,0.1622763071961373,0.41303126503223375,0.4848395955439749,0.39669324896000596
0.4,0.9,0.35,0.6545,0.15908268019569127,0.41368489000150516,0.4871805356292131,0.3982461500485123
0.41250000000000003,0.4,0.35,0.5500000000000045,0.2129762232933903,0.3344178165385056,0.32732417135457237,0.29003173968414475
0.41250000000000003,0.41250000000000003,0.35,0.5500000000000045,0.2129762232933903,0.3372240786036,0.33220682610139457,0.29341029627333215
0.41250000000000003,0.42500000000000004,0.35,0.5500000000000045,0.2129762232933903,0.3400075487928168,0.3370689713453075,0.2967668951667411
0.41250000000000003,0.4375,0.35,0.5500000000000045,0.2129762232933903,0.34276847739799254,0.34191082860049066,0.3001018350020864
0.41250000000000003,0.45,0.35,0.5500000000000045,0.2129762232933903,0.3455071112216015,0.34673261632783114,0.3034154064751148
0.41250000000000003,0.4625,0.35,0.5500000000000045,0.2129762232933903,0.3482236936365765,0.35153454998685163,0.3067078927419398
0.41250000000000003,0.47500000000000003,0.35,0.5500000000000045,0.2129762232933903,0.3509184646449048,0.3563168420865924,0.3099795697910921
0.41250000000000003,0.48750000000000004,0.35,0.5500000000000045,0.2129762232933903,0.353591660935036,0.3610797022354628,0.31323070678811404
0.41250000000000003,0.5,0.35,0.5500000000000045,0.2129762232933903,0.3562435159381171,0.3658233371900781,0.3164615663952165
0.41250000000000003,0.5125000000000001,0.35,0.5500000000000045,0.2129762232933903,0.35887425988308796,0.3705479509031202,0.3196724050682651
0.41250000000000003,0.525,0.35,0.5500000000000045,0.2129762232933903,0.361484119850675,0.37525374457023697,0.3228634733331171
0.41250000000000003,0.5375000000000001,0.35,0.5500000000000045,0.2129762232933903,0.3640733198262888,0.3799409166760034,0.3260350160431134
0.41250000000000003,0.55,0.35,0.5500000000000045,0.2129762232933903,0.3666420807518666,0.38460966303896194,0.32918727261935776
0.41250000000000003,0.5625,0.35,0.5500000000000045,0.2129762232933903,0.36919062057667845,0.3892601768557778,0.3323204772752501
0.41250000000000003,0.5750000000000001,0.35,0.5500000000000045,0.2129762232933903,0.37171915430712005,0.3938926487445115,0.3354348592265859
0.41250000000000003,0.5875,0.35,0.5500000000000045,0.2129762232933903,0.37422789405551893,0.39850726678704324,0.3385306428884177
0.41250000000000003,0.6000000000000001,0.35,0.5500000000000045,0.2129762232933903,0.3767170490879771,0.4031042165706593,0.34160804805975137
0.41250000000000003,0.6125,0.35,0.5500000000000045,0.2129762232933903,0.3791868258712671,0.4076836812288248,0.3446672900970486
0.41250000000000003,0.625,0.35,0.5500000000000045,0.2129762232933903,0.3816374281188078,0.41224584148116333,0.3477085800774216
0.41250000000000003,0.6375000000000001,0.35,0.5500000000000045,0.2129762232933903,0.3840690568357412,0.4167908756726498,0.35073212495231415
0.41250000000000003,0.65,0.35,0.5500000000000045,0.2129762232933903,0.3864819103631258,0.42131895981205014,0.35373812769240004
0.41250000000000003,0.6625000000000001,0.35,0.5500000000000045,0.2129762232933903,0.3888761844212735,0.42583026760961423,0.3567267874243595
0.41250000000000003,0.675,0.35,0.5500000000000045,0.2129762232933903,0.39125207215224483,0.43032497051404367,0.3596982995601357
0.41250000000000003,0.6875,0.35,0.5500000000000045,0.2129762232933903,0.3936097641615219,0.43480323774874524,0.36265285591921775
0.41250000000000003,0.7000000000000001,0.35,0.5529444444444489,0.21159855821720513,0.39582521521538955,0.43904149701544604,0.3655505504250474
0.41250000000000003,0.7125,0.35,0.5602777777777823,0.20809741011557004,0.39776770273593715,0.44284530720239723,0.36831310443458876
0.41250000000000003,0.7250000000000001,0.35,0.5676111111111157,0.20450659100013102,0.3995913770773935,0.4465108884855473,0.3709733717484458
0.41250000000000003,0.7375,0.35,0.5748333333333382,0.20089463858457282,0.40130469561049337,0.45005131620008376,0.37353504127725157
0.41250000000000003,0.75,0.35,0.5820000000000051,0.1972479467030087,0.4029057388208169,0.4534632565989773,0.37599678701839045
0.41250000000000003,0.7625000000000001,0.35,0.5890555555555604,0.1936075144563721,0.40440250086516405,0.4567577063514027,0.3783633310233701
0.41250000000000003,0.775,0.35,0.5960555555555603,0.18995638967095774,0.405791857963194,0.45993001624603674,0.38063248606109595
0.41250000000000003,0.7875000000000001,0.35,0.602944444444449,0.18633405212292597,0.40708367213370245,0.46299326556097076,0.38281076488278426
0.41250000000000003,0.8,0.35,0.6096111111111154,0.18280904150837582,0.40829963894875426,0.4659752144529197,0.384913793329883
0.41250000000000003,0.8125,0.35,0.6162777777777819,0.17927218603921113,0.4094107142763143,0.46883757177692276,0.38692106718402464
0.41250000000000003,0.8250000000000001,0.35,0.6228333333333368,0.17578935530066597,0.41043712585558073,0.47160647879007944,0.3888470915290792
0.41250000000000003,0.8375,0.35,0.6291666666666694,0.17242581197424892,0.4114049201172744,0.4743142862433441,0.3907116703720324
0.41250000000000003,0.8500000000000001,0.35,0.6355000000000021,0.16906869319747336,0.4122762930360111,0.4769132618789201,0.3924866861162315
0.41250000000000003,0.8625,0.35,0.6416111111111126,0.16584003332222677,0.41310022703744975,0.4794641159720782,0.3942096156538873
0.41250000000000003,0.875,0.35,0.6476111111111119,0.1626841830689629,0.41385904146006763,0.48194450378216136,0.3958674469372385
0.41250000000000003,0.8875000000000001,0.35,0.6536111111111113,0.15954593371718834,0.4145297077643933,0.48432647566608705,0.39744232218115816
0.41250000000000003,0.9,0.35,0.6593888888888884,0.15654364101410662,0.41516894996750675,0.4866787264935465,0.3989789881017432
0.42500000000000004,0.4,0.35,0.5500000000000045,0.2129762232933903,0.338691451902941,0.32965753600417536,0.29291755983719314
0.42500000000000004,0.41250000000000003,0.35,0.5500000000000045,0.2129762232933903,0.3414503404630139,0.33449646664656224,0.2962588467407866
0.42500000000000004,0.42500000000000004,0.35,0.5500000000000045,0.2129762232933903,0.3441870279581678,0.3393154173047503,0.29957863051743566
0.42500000000000004,0.4375,0.35,0.5500000000000045,0.2129762232933903,0.3469017558810879,0.34411460173465525,0.3028772024688233
0.42500000000000004,0.45,0.35,0.5500000000000045,0.2129762232933903,0.3495947623917911,0.3488942307756294,0.3061548461776039
0.42500000000000004,0.4625,0.35,0.5500000000000045,0.2129762232933903,0.35226628237416535,0.3536545123995637,0.3094118378945059
0.42500000000000004,0.47500000000000003,0.35,0.5500000000000045,0.2129762232933903,0.35491654749136964,0.35839565175898613,0.3126484468967182
0.42500000000000004,0.48750000000000004,0.35,0.5500000000000045,0.2129762232933903,0.35754578624010985,0.36311785123420737,0.3158649358202107
0.42500000000000004,0.5,0.35,0.5500000000000045,0.2129762232933903,0.3601542240038277,0.36782131047951466,0.31906156096834276
0.42500000000000004,0.5125000000000001,0.35,0.5500000000000045,0.2129762232933903,0.36274208310482847,0.37250622646845516,0.32223857259888616
0.42500000000000004,0.525,0.35,0.5500000000000045,0.2129762232933903,0.3653095828553536,0.37717279353821215,0.32539621519133755
0.42500000000000004,0.5375000000000001,0.35,0.5500000000000045,0.2129762232933903,0.3678569396076532,0.38182120343310394,0.3285347276962446
0.42500000000000004,0.55,0.35,0.5500000000000045,0.2129762232933903,0.37038436680305525,0.3864516453472321,0.33165434376806563
0.42500000000000004,0.5625,0.35,0.5500000000000045,0.2129762232933903,0.37289207502006594,0.39106430596627917,0.3347552919829419
0.42500000000000004,0.5750000000000001,0.35,0.5500000000000045,0.2129762232933903,0.3753802720215267,0.39565936950850106,0.33783779604263897
0.42500000000000004,0.5875,0.35,0.5500000000000045,0.2129762232933903,0.37784916280083847,0.40023701776490705,0.3409020749657669
0.42500000000000004,0.6000000000000001,0.35,0.5500000000000045,0.2129762232933903,0.3802989496272853,0.4047974301386637,0.34394834326731133
0.42500000000000004,0.6125,0.35,0.5500000000000045,0.2129762232933903,0.38272983209047207,0.40934078368373333,0.3469768111273914
0.42500000000000004,0.625,0.35,0.5500000000000045,0.2129762232933903,0.3851420071438983,0.4138672531427668,0.34998768455008444
0.42500000000000004,0.6375000000000001,0.35,0.5500000000000045,0.2129762232933903,0.38753566914768395,0.4183770109842586,0.35298116551307335
0.42500000000000004,0.65,0.35,0.5500000000000045,0.2129762232933903,0.3899110099104751,0.42287022743899894,0.35595745210882
0.42500000000000004,0.6625000000000001,0.35,0.5500000000000045,0.2129762232933903,0.3922682187305374,0.42734707053581966,0.35891673867788354
0.42500000000000004,0.675,0.35,0.5501666666666711,0.212898662726723,0.394600785887518,0.4317957863314852,0.36185730184736103
0.42500000000000004,0.6875,0.35,0.556944444444449,0.2097007189552902,0.39660652743787345,0.4357031287518151,0.36466906308161884
0.42500000000000004,0.7000000000000001,0.35,0.5637222222222268,0.20642121185993922,0.39850892019366835,0.4394910016005925,0.3673923792774613
0.42500000000000004,0.7125,0.35,0.5705000000000047,0.20307011625700921,0.4003068861148492,0.44315828904400306,0.3700254725171006
0.42500000000000004,0.7250000000000001,0.35,0.5772777777777827,0.1996572758528938,0.40199953725675097,0.44670415473860375,0.3725667395608225
0.42500000000000004,0.7375,0.35,0.5839444444444495,0.19624922113928525,0.40359793946738337,0.45014414565287786,0.3750222412584822
0.42500000000000004,0.75,0.35,0.590611111111116,0.19279920255488567,0.4050926525297712,0.4534649805820444,0.3773857613910136
0.42500000000000004,0.7625000000000001,0.35,0.5972777777777825,0.18931557642073885,0.40648322788607083,0.45666647293478696,0.37965619821192653
0.42500000000000004,0.775,0.35,0.6037222222222267,0.18592364286654595,0.4078017669544086,0.45979055476343916,0.38185530684674684
0.42500000000000004,0.7875000000000001,0.35,0.610166666666671,0.1825146257316707,0.40902141228586414,0.46280171990663727,0.3839646842099247
0.42500000000000004,0.8,0.35,0.6165000000000042,0.17915413579597506,0.41016106879681197,0.4657242309768562,0.3859975300677925
0.42500000000000004,0.8125,0.35,0.6228333333333368,0.17578935530066597,0.41120444371620574,0.4685374658726536,0.3879419249967852
0.42500000000000004,0.8250000000000001,0.35,0.6289444444444473,0.1725437830584067,0.41219511055564406,0.47129573301802674,0.389830112451564
0.42500000000000004,0.8375,0.35,0.6350555555555577,0.16930399821572537,0.4130949636903287,0.47395145757616414,0.39163393585089085
0.42500000000000004,0.8500000000000001,0.35,0.641055555555557,0.16613300813648155,0.4139284938655452,0.4765348877570233,0.3933718511176811
0.42500000000000004,0.8625,0.35,0.6469444444444453,0.1630340269291842,0.41469970550565366,0.47905071030131485,0.3950472027974185
0.42500000000000004,0.875,0.35,0.6527222222222224,0.16000961718081544,0.41541252727033967,0.4815035113224626,0.3966633242298848
0.42500000000000004,0.8875000000000001,0.35,0.6583888888888885,0.15706175930990596,0.4160708063805483,0.4838977688872528,0.39822352681324136
0.42500000000000004,0.9,0.35,0.6639444444444434,0.1541919162406048,0.4166783046577281,0.48623784765437306,0.39973109100573717
0.4375,0.4,0.35,0.5500000000000045,0.2129762232933903,0.3429475707039454,0.3319751154000059,0.2957865461730203
0.4375,0.41250000000000003,0.35,0.5500000000000045,0.2129762232933903,0.34565959132581264,0.3367707750308019,0.29909096214636166
0.4375,0.42500000000000004,0.35,0.5500000000000045,0.2129762232933903,0.3483499904554162,0.3415469742545917,0.3023743224373452
0.4375,0.4375,0.35,0.5500000000000045,0.2129762232933903,0.35101900103686684,0.3463039192884587,0.3056369111115595
0.4375,0.45,0.35,0.5500000000000045,0.2129762232933903,0.3536668528322925,0.3510418135644429,0.30887900473716157
0.4375,0.4625,0.35,0.5500000000000045,0.2129762232933903,0.35629377247525607,0.3557608577759274,0.31210087275697884
0.4375,0.47500000000000003,0.35,0.5500000000000045,0.2129762232933903,0.358899983523108,0.3604612499231079,0.31530277783342775
0.4375,0.48750000000000004,0.35,0.5500000000000045,0.2129762232933903,0.3614857065082858,0.3651431853575477,0.3184849761686948
0.4375,0.5,0.35,0.5500000000000045,0.2129762232933903,0.36405115898860374,0.36980685682586395,0.3216477178024059
0.4375,0.5125000000000001,0.35,0.5500000000000045,0.2129762232933903,0.36659655559653453,0.37445245451254355,0.3247912468887413
0.4375,0.525,0.35,0.5500000000000045,0.2129762232933903,0.36912210808752427,0.3790801660819232,0.3279158019547872
0.4375,0.5375000000000001,0.35,0.5500000000000045,0.2129762232933903,0.37162802538735673,0.3836901767193449,0.3310216161417161
0.4375,0.55,0.35,0.5500000000000045,0.2129762232933903,0.37411451363858045,0.38828266917150767,0.33410891743023347
0.4375,0.5625,0.35,0.5500000000000045,0.2129762232933903,0.3765817762460318,0.3928578237860366,0.33717792885159636
0.4375,0.5750000000000001,0.35,0.5500000000000045,0.2129762232933903,0.3790300139214749,0.3974158185502815,0.3402288686853781
0.4375,0.5875,0.35,0.5500000000000045,0.2129762232933903,0.3814594247273633,0.40195682912936664,0.34326195064503495
0.4375,0.6000000000000001,0.35,0.5500000000000045,0.2129762232933903,0.3838702041197589,0.4064810289035105,0.34627738405224834
0.4375,0.6125,0.35,0.5500000000000045,0.2129762232933903,0.38626254499042667,0.4109885890046216,0.34927537400091097
0.4375,0.625,0.35,0.5500000000000045,0.2129762232933903,0.38863663770810813,0.41547967835220234,0.35225612151155195
0.4375,0.6375000000000001,0.35,0.5500000000000045,0.2129762232933903,0.39099267015901007,0.41995446368855827,0.3552198236769242
0.4375,0.65,0.35,0.5500000000000045,0.2129762232933903,0.3933308277865204,0.42441310961335005,0.35816667379941947
0.4375,0.6625000000000001,0.35,0.5536111111111156,0.2112843114494202,0.39549274323446404,0.42858837324831206,0.36104580251256874
0.4375,0.675,0.35,0.559944444444449,0.20825859413808018,0.39745918271806485,0.4324758624176829,0.3638213961812976
0.4375,0.6875,0.35,0.5663888888888935,0.20511075422582892,0.3993248962037283,0.4362452589959269,0.36651318628231855
0.4375,0.7000000000000001,0.35,0.572722222222227,0.20195751947393017,0.40110374659968695,0.43991751344570007,0.36912696864957995
0.4375,0.7125,0.35,0.5791666666666716,0.19869638523276556,0.40277757803575953,0.4434668960105168,0.37165184040933785
0.4375,0.7250000000000001,0.35,0.585500000000005,0.19544762298361346,0.40436609645915256,0.44692095067850574,0.37409857879671293
0.4375,0.7375,0.35,0.5918333333333382,0.19216277864303594,0.4058594116659218,0.4502660270836704,0.3764607456975126
0.4375,0.75,0.35,0.5981666666666713,0.18884895400682675,0.40725716945229246,0.45350191532075895,0.3787373996397469
0.4375,0.7625000000000001,0.35,0.6043888888888934,0.18557166572185466,0.4085755596456335,0.45664949448526737,0.3809391781714035
0.4375,0.775,0.35,0.6106111111111154,0.18227909586380792,0.40980072549993074,0.45969089962020476,0.38305634479150324
0.4375,0.7875000000000001,0.35,0.6167222222222264,0.17903614504188778,0.41095174216443286,0.462650180828889,0.385102187645308
0.4375,0.8,0.35,0.6227222222222257,0.17584842345442375,0.41203261160335,0.4655319426116773,0.3870798150202657
0.4375,0.8125,0.35,0.6287222222222251,0.17266173042331845,0.41302548141263556,0.468314089682933,0.38897610235100877
0.4375,0.8250000000000001,0.35,0.6346111111111133,0.16953932632728033,0.41395350205217696,0.47102506356971646,0.3908081487083482
0.4375,0.8375,0.35,0.6405000000000015,0.16642606994197237,0.41479619070189927,0.47364001959066043,0.39256055648845556
0.4375,0.8500000000000001,0.35,0.6462777777777787,0.1633840836156015,0.4155793331373073,0.4761901888582316,0.39425289480524794
0.4375,0.8625,0.35,0.6519444444444448,0.16041570887479392,0.41630676284417356,0.4786799958169597,0.39588841451348605
0.4375,0.875,0.35,0.6574999999999996,0.15752282538626414,0.41698226000449234,0.4811137885500253,0.39747035989742
0.4375,0.8875000000000001,0.35,0.6629444444444436,0.15470690568649334,0.4176095537849322,0.4834958376256014,0.39900196513857816
0.4375,0.9,0.35,0.6683333333333318,0.15194039837263024,0.4181769909641715,0.4858124566923609,0.4004742900037938
0.45,0.4,0.35,0.5500000000000045,0.2129762232933903,0.34718633815733685,0.3342770558674023,0.2986389042596027
0.45,0.41250000000000003,0.35,0.5500000000000045,0.2129762232933903,0.3498519899126552,0.3390298918526523,0.3019068419772106
0.45,0.42500000000000004,0.35,0.5500000000000045,0.2129762232933903,0.35249658872452366,0.3437637772543724,0.3051541644425917
0.45,0.4375,0.35,0.5500000000000045,0.2129762232933903,0.35512035923234736,0.3484789109644153,0.30838114858763294
0.45,0.45,0.35,0.5500000000000045,0.2129762232933903,0.3577235230384425,0.3531754892160716,0.3115880640665653
0.45,0.4625,0.35,0.5500000000000045,0.2129762232933903,0.3603062987584774,0.35785370562787555,0.3147751736133469
0.45,0.47500000000000003,0.35,0.5500000000000045,0.2129762232933903,0.3628689020709257,0.36251375124656254,0.3179427333733312
0.45,0.48750000000000004,0.35,0.5500000000000045,0.2129762232933903,0.3654115457655352,0.367155814589169,0.32109099321149087
0.45,0.5,0.35,0.5500000000000045,0.2129762232933903,0.36793443979084817,0.3717800816843185,0.3242201969992723
0.45,0.5125000000000001,0.35,0.5500000000000045,0.2129762232933903,0.3704377913007877,0.37638673611269857,0.3273305828819177
0.45,0.525,0.35,0.5500000000000045,0.2129762232933903,0.3729218047003319,0.38097595904675097,0.3304223835279212
0.45,0.5375000000000001,0.35,0.5500000000000045,0.2129762232933903,0.3753866816902975,0.3855479292895906,0.33349582636211644
0.45,0.55,0.35,0.5500000000000045,0.2129762232933903,0.3778326213112578,0.39010282331317897,0.3365511337837551
0.45,0.5625,0.35,0.5500000000000045,0.2129762232933903,0.3802598199866019,0.39464081529575323,0.33958852337078604
0.45,0.5750000000000001,0.35,0.5500000000000045,0.2129762232933903,0.38266847156477224,0.3991620771585468,0.342608208071458
0.45,0.5875,0.35,0.5500000000000045,0.2129762232933903,0.3850587673606822,0.40366677860179956,0.3456103963842357
0.45,0.6000000000000001,0.35,0.5500000000000045,0.2129762232933903,0.3874308961963408,0.40815508714008397,0.3485952925269463
0.45,0.6125,0.35,0.5500000000000045,0.2129762232933903,0.38978504444070466,0.4126271681369631,0.3515630965959865
0.45,0.625,0.35,0.5500000000000045,0.2129762232933903,0.39212139604876456,0.4170831848389875,0.35451400471633543
0.45,0.6375000000000001,0.35,0.5501666666666711,0.212898662726723,0.3944332469807491,0.421511789663557,0.3574462853889844
0.45,0.65,0.35,0.5562777777777823,0.21001905314192745,0.3964466602130745,0.4254718768169824,0.36026423117318856
0.45,0.6625000000000001,0.35,0.5623333333333379,0.20709938819292062,0.39837674128612927,0.4293383644779325,0.36300978112041515
0.45,0.675,0.35,0.5683888888888935,0.20412100391614701,0.4002204458321986,0.4331064153575194,0.3656809779097013
0.45,0.6875,0.35,0.574611111111116,0.20100681141950588,0.40196227896450787,0.4367548930320037,0.36826805263559886
0.45,0.7000000000000001,0.35,0.5806666666666717,0.19793061893817773,0.403629385399734,0.4403215345806161,0.3707853033358016
0.45,0.7125,0.35,0.5867222222222273,0.19481632566499643,0.40520846964763124,0.44378772965712715,0.37322485440933534
0.45,0.7250000000000001,0.35,0.5928333333333381,0.19164129165409183,0.40669217679030994,0.4471441220547913,0.37558119012502134
0.45,0.7375,0.35,0.598944444444449,0.1884403638133252,0.4080858625233515,0.45039801869274326,0.3778569100113095
0.45,0.75,0.35,0.604944444444449,0.18527821763876257,0.4094059566515201,0.4535701892786887,0.3800628207620206
0.45,0.7625000000000001,0.35,0.6109444444444487,0.1821023923710737,0.41063834397812204,0.4566426762350768,0.3821890820119188
0.45,0.775,0.35,0.6168333333333375,0.17897709925164,0.4118022330874859,0.4596392941997397,0.38424903887334777
0.45,0.7875000000000001,0.35,0.6227222222222257,0.17584842345442375,0.4128809300013936,0.4625393715723727,0.3862306648545208
0.45,0.8,0.35,0.628611111111114,0.17272070694764258,0.4138743986810969,0.4653431560182846,0.38813353593953737
0.45,0.8125,0.35,0.63427777777778,0.16971585688108906,0.41482903842512453,0.468106582857615,0.3899920983268556
0.45,0.8250000000000001,0.35,0.6399444444444461,0.1667193074100834,0.41570362160675667,0.47077979571957423,0.3917758859330598
0.45,0.8375,0.35,0.6456111111111121,0.16373434835255868,0.4164982047921869,0.4733632037191518,0.3934846640642355
0.45,0.8500000000000001,0.35,0.651166666666667,0.16082210757269086,0.4172397215372505,0.4758888736289909,0.3951389941934944
0.45,0.8625,0.35,0.6566111111111109,0.1579844531862599,0.41793191931501006,0.47836105835967213,0.39674207596939826
0.45,0.875,0.35,0.6619444444444437,0.1552226053619505,0.4185783926465885,0.4807838456476036,0.3982970347808923
0.45,0.8875000000000001,0.35,0.6672777777777764,0.15248057735539072,0.41915235700656583,0.48312610636146863,0.3997830274913707
0.45,0.9,0.35,0.672499999999998,0.14981669216944474,0.41968535930304074,0.48542463430019067,0.4012249989189264
0.4625,0.4,0.35,0.5500000000000045,0.2129762232933903,0.35140791748294875,0.3365635019843692,0.3014748346611359
0.4625,0.41250000000000003,0.35,0.5500000000000045,0.2129762232933903,0.35402769304857656,0.3412739560509047,0.30470668090391645
0.4625,0.42500000000000004,0.35,0.5500000000000045,0.2129762232933903,0.35662697340575894,0.3459659597876233,0.30791834541612145
0.4625,0.4375,0.35,0.5500000000000045,0.2129762232933903,0.35920597512654756,0.3506397049690753,0.31111009810051593
0.4625,0.45,0.35,0.5500000000000045,0.2129762232933903,0.36176491188520105,0.3552953808328655,0.3142822017997379
0.4625,0.4625,0.35,0.5500000000000045,0.2129762232933903,0.364303994505803,0.3599331741210074,0.317434912639281
0.4625,0.47500000000000003,0.35,0.5500000000000045,0.2129762232933903,0.3668234310089538,0.364553269120488,0.32056848034616353
0.4625,0.48750000000000004,0.35,0.5500000000000045,0.2129762232933903,0.3693234266575458,0.3691558477030336,0.32368314854540103
0.4625,0.5,0.35,0.5500000000000045,0.2129762232933903,0.3718041840016462,0.37374108936410794,0.3267791550362061
0.4625,0.5125000000000001,0.35,0.5500000000000045,0.2129762232933903,0.374265902922517,0.37830917126116054,0.3298567320496465
0.4625,0.525,0.35,0.5500000000000045,0.2129762232933903,0.3767087806757696,0.3828602682511389,0.3329161064893061
0.4625,0.5375000000000001,0.35,0.5500000000000045,0.2129762232933903,0.3791330119336995,0.38739455292727465,0.3359575001563608
0.4625,0.55,0.35,0.5500000000000045,0.2129762232933903,0.3815387888268025,0.3919121956551752,0.33898112996033997
0.4625,0.5625,0.35,0.5500000000000045,0.2129762232933903,0.38392630098449143,0.3964133646082263,0.3419872081167175
0.4625,0.5750000000000001,0.35,0.5500000000000045,0.2129762232933903,0.3862957355750415,0.40089822580231554,0.34497594233237716
0.4625,0.5875,0.35,0.5500000000000045,0.2129762232933903,0.38864727734477283,0.4053669431299067,0.34794753597990036
0.4625,0.6000000000000001,0.35,0.5500000000000045,0.2129762232933903,0.39098110865648456,0.4098196783934645,0.35090218826153025
0.4625,0.6125,0.35,0.5500000000000045,0.2129762232933903,0.3932974095271695,0.41425659133825454,0.353840094363602
0.4625,0.625,0.35,0.5523888888888934,0.21185978432155303,0.3954913792678317,0.41850973573639266,0.35672976872464557
0.4625,0.6375000000000001,0.35,0.5582777777777823,0.20906169430565197,0.3974691340995901,0.4224474000917354,0.3595195796284479
0.4625,0.65,0.35,0.5641666666666713,0.2062035197787969,0.3993648174382566,0.42629237076479487,0.3622392929554939
0.4625,0.6625000000000001,0.35,0.5700555555555602,0.20329189134718323,0.40117780474136194,0.4300437425057417,0.36488773410354297
0.4625,0.675,0.35,0.5759444444444493,0.20033309179851402,0.40290753354600245,0.4337007297442264,0.3674638093082807
0.4625,0.6875,0.35,0.5819444444444495,0.1972764330174556,0.4045419308479136,0.4372475573159109,0.3699594308472607
0.4625,0.7000000000000001,0.35,0.5877222222222271,0.1942988189924556,0.40611545651339953,0.4407291970033082,0.37239494775409154
0.4625,0.7125,0.35,0.5936111111111159,0.19123524291697055,0.4075929554089502,0.4440998260306942,0.374748262470129
0.4625,0.7250000000000001,0.35,0.5996111111111158,0.1880898582706737,0.4089702453141828,0.44735495481452137,0.37701521939052784
0.4625,0.7375,0.35,0.6053888888888934,0.18504337464575932,0.41029380431186435,0.4505526733118932,0.3792266163465525
0.4625,0.75,0.35,0.611166666666671,0.18198454279237897,0.41153499543747857,0.4536569304564396,0.38136315542000365
0.4625,0.7625000000000001,0.35,0.6169444444444486,0.17891811693099471,0.4126937641289358,0.4566678089640838,0.3834243370648341
0.4625,0.775,0.35,0.6226111111111147,0.17590746007180755,0.41379075024920586,0.4596103176684308,0.38542474649805164
0.4625,0.7875000000000001,0.35,0.6282777777777807,0.17289764748896996,0.41480779647174265,0.462462474609548,0.3873512271043992
0.4625,0.8,0.35,0.6339444444444468,0.1698924162189188,0.4157449243281375,0.4652245487248641,0.38920345163097403
0.4625,0.8125,0.35,0.6395000000000016,0.16695392278458965,0.41662660457019757,0.46792565837389755,0.3909995527672048
0.4625,0.8250000000000001,0.35,0.6449444444444455,0.16408481632420105,0.4174565952725201,0.4705700142660624,0.39274264856222346
0.4625,0.8375,0.35,0.6503888888888893,0.1612288952267143,0.41821171867017687,0.4731304430713056,0.3944152273461501
0.4625,0.8500000000000001,0.35,0.6557222222222221,0.15844654535668282,0.418920040316841,0.4756398244855676,0.39603880366234473
0.4625,0.8625,0.35,0.6610555555555548,0.15568159079985242,0.41955600686753314,0.4780685480311961,0.3975937525930446
0.4625,0.875,0.35,0.6662777777777765,0.15299310785126444,0.42014996562458623,0.48045184731324525,0.39910375053354186
0.4625,0.8875000000000001,0.35,0.671388888888887,0.15038166853529047,0.4207053792974129,0.4827936093720245,0.4005718565457278
0.4625,0.9,0.35,0.6764999999999975,0.14779142104607437,0.4211931654813944,0.4850606360174202,0.4019752863462256
0.47500000000000003,0.4,0.35,0.5500000000000045,0.2129762232933903,0.3556124699344278,0.33883459660746107,0.3042945331664965
0.47500000000000003,0.41250000000000003,0.35,0.5500000000000045,0.2129762232933903,0.35818685569095454,0.34350310492889374,0.3074906689971046
0.47500000000000003,0.42500000000000004,0.35,0.5500000000000045,0.2129762232933903,0.36074129336594385,0.3481536537846595,0.31066704981292675
0.47500000000000003,0.4375,0.35,0.5500000000000045,0.2129762232933903,0.36327599169509545,0.35278642803440935,0.3138239385940983
0.47500000000000003,0.45,0.35,0.5500000000000045,0.2129762232933903,0.36579115665021844,0.35740161011777005,0.3169615914755439
0.47500000000000003,0.4625,0.35,0.5500000000000045,0.2129762232933903,0.36828699148416505,0.36199938009337673,0.3200802580759024
0.47500000000000003,0.47500000000000003,0.35,0.5500000000000045,0.2129762232933903,0.3707636967748932,0.36657991567715364,0.32318018180347063
0.47500000000000003,0.48750000000000004,0.35,0.5500000000000045,0.2129762232933903,0.3732214704686787,0.3711433922798599,0.32626160014115296
0.47500000000000003,0.5,0.35,0.5500000000000045,0.2129762232933903,0.37566050792249284,0.37568998304391216,0.3293247449121969
0.47500000000000003,0.5125000000000001,0.35,0.5500000000000045,0.2129762232933903,0.3780810019455685,0.38021985887950904,0.3323698425283324
0.47500000000000003,0.525,0.35,0.5500000000000045,0.2129762232933903,0.3804831428401671,0.38473318850006466,0.3353971142217639
0.47500000000000003,0.5375000000000001,0.35,0.5500000000000045,0.2129762232933903,0.3828671184415746,0.3892301384569739,0.33840677626233456
0.47500000000000003,0.55,0.35,0.5500000000000045,0.2129762232933903,0.38523311415732503,0.39371087317371056,0.34139904016104256
0.47500000000000003,0.5625,0.35,0.5500000000000045,0.2129762232933903,0.3875813130056945,0.39817555497929835,0.3443741128610095
0.47500000000000003,0.5750000000000001,0.35,0.5500000000000045,0.2129762232933903,0.3899118956534553,0.4026243441411387,0.3473321969168561
0.47500000000000003,0.5875,0.35,0.5500000000000045,0.2129762232933903,0.3922250404529248,0.4070573988972282,0.3502734906633936
0.47500000000000003,0.6000000000000001,0.35,0.5500000000000045,0.2129762232933903,0.39452092347831885,0.4114748754877795,0.35319818837443856
0.47500000000000003,0.6125,0.35,0.5540555555555601,0.21107434811551068,0.396612799416012,0.41558840068775454,0.3560474759666484
0.47500000000000003,0.625,0.35,0.559944444444449,0.20825859413808018,0.3985485752599908,0.4194920791098071,0.3588091791616437
0.47500000000000003,0.6375000000000001,0.35,0.5656111111111157,0.20549407965167377,0.4004183277209857,0.42332585527076033,0.36150880186314854
0.47500000000000003,0.65,0.35,0.5713888888888936,0.20262587673064825,0.40220095025300673,0.4270596343027269,0.3641361841617188
0.47500000000000003,0.6625000000000001,0.35,0.5770555555555604,0.19977005438779247,0.4039134463876,0.43071627353104613,0.36669951822250485
0.47500000000000003,0.675,0.35,0.5829444444444495,0.1967633133027303,0.4055234812010621,0.43425361427311476,0.36917932233880324
0.47500000000000003,0.6875,0.35,0.5886111111111161,0.1938381103463387,0.4070758648388876,0.4377293631924861,0.37160167152680956
0.47500000000000003,0.7000000000000001,0.35,0.5942777777777826,0.19088684731744995,0.40854902573086954,0.44111543152947347,0.37395343459651403
0.47500000000000003,0.7125,0.35,0.6000000000000046,0.18788528524841258,0.4099348826309976,0.44440189370069444,0.3762286519332172
0.47500000000000003,0.7250000000000001,0.35,0.6057222222222267,0.18486719453988845,0.411239887796738,0.44759691251019385,0.37843088666375135
0.47500000000000003,0.7375,0.35,0.6113333333333376,0.18189620035390902,0.4124822268609703,0.45072248251645103,0.3805723817346087
0.47500000000000003,0.75,0.35,0.6169444444444486,0.17891811693099471,0.413646076870986,0.4537592738504675,0.38264208523035015
0.47500000000000003,0.7625000000000001,0.35,0.6226111111111147,0.17590746007180755,0.41472100389679345,0.45669503271660666,0.3846320601614456
0.47500000000000003,0.775,0.35,0.6280555555555585,0.173015616729051,0.4157602270504245,0.45959294629371195,0.3865805965331647
0.47500000000000003,0.7875000000000001,0.35,0.6336111111111135,0.170069003647936,0.41670140733932726,0.4623791887082119,0.388442329042331
0.47500000000000003,0.8,0.35,0.6389444444444462,0.16724735899883295,0.41761426362004234,0.46513573289922855,0.3902686199331737
0.47500000000000003,0.8125,0.35,0.64438888888889,0.1643770247067187,0.41842917303032967,0.4677811688866556,0.39200762060505906
0.47500000000000003,0.8250000000000001,0.35,0.6497222222222228,0.16157780179204376,0.41919622922203825,0.4703740276429503,0.39369680529630113
0.47500000000000003,0.8375,0.35,0.6549444444444444,0.15885127303161187,0.4199190101430501,0.47291828902262745,0.39533922273414335
0.47500000000000003,0.8500000000000001,0.35,0.660166666666666,0.1561410889439776,0.4205719503764,0.4753845871664648,0.3969153607341967
0.47500000000000003,0.8625,0.35,0.6652777777777766,0.15350639057384188,0.42118533758377186,0.47780774336940063,0.3984487069683669
0.47500000000000003,0.875,0.35,0.6703888888888871,0.150890980397718,0.42173127554999496,0.48015602813519104,0.39991767156995317
0.47500000000000003,0.8875000000000001,0.35,0.6753888888888866,0.1483526593693315,0.42224220391974676,0.48246645653101133,0.40134778766828594
0.47500000000000003,0.9,0.35,0.680277777777775,0.14589143569685611,0.4227214154836047,0.4847426867744088,0.40274201042817087
0.48750000000000004,0.4,0.35,0.5500000000000045,0.2129762232933903,0.3598001548284968,0.3410904808971946,0.30709819100250235
0.48750000000000004,0.41250000000000003,0.35,0.5500000000000045,0.2129762232933903,0.3623296309569854,0.34571747417836873,0.3102589919299208
0.48750000000000004,0.42500000000000004,0.35,0.5500000000000045,0.2129762232933903,0.3648396957242347,0.35032698964498765,0.3134004578521205
0.48750000000000004,0.4375,0.35,0.5500000000000045,0.2129762232933903,0.36733055025441774,0.3549192054388262,0.31652284493475247
0.48750000000000004,0.45,0.35,0.5500000000000045,0.2129762232933903,0.36980239303651846,0.35949429739403677,0.319626402710245
0.48750000000000004,0.4625,0.35,0.5500000000000045,0.2129762232933903,0.37225541996671024,0.36405243907396423,0.32271137439302144
0.48750000000000004,0.47500000000000003,0.35,0.5500000000000045,0.2129762232933903,0.3746898243899198,0.3685938018072622,0.325777997173023
0.48750000000000004,0.48750000000000004,0.35,0.5500000000000045,0.2129762232933903,0.3771057971406008,0.3731185547233212,0.32882650248938006
0.48750000000000004,0.5,0.35,0.5500000000000045,0.2129762232933903,0.37950352658272285,0.37762686478702157,0.3318571162858884
0.48750000000000004,0.5125000000000001,0.35,0.5500000000000045,0.2129762232933903,0.3818831986490102,0.38211889683283795,0.334870059249806
0.48750000000000004,0.525,0.35,0.5500000000000045,0.2129762232933903,0.3842449968794287,0.38659481359829406,0.3378655470353127
0.48750000000000004,0.5375000000000001,0.35,0.5500000000000045,0.2129762232933903,0.3865891024589526,0.39105477575679404,0.34084379047287494
0.48750000000000004,0.55,0.35,0.5500000000000045,0.2129762232933903,0.3889156942546167,0.3954989419498394,0.3438049957656248
0.48750000000000004,0.5625,0.35,0.5500000000000045,0.2129762232933903,0.39122494885187487,0.39992746881864044,0.3467493646737667
0.48750000000000004,0.5750000000000001,0.35,0.5500000000000045,0.2129762232933903,0.3935170405902821,0.40434051103514906,0.34967709468793906
0.48750000000000004,0.5875,0.35,0.5500000000000045,0.2129762232933903,0.3957921415984995,0.4087382213325036,0.35258837919235314
0.48750000000000004,0.6000000000000001,0.35,0.5553888888888934,0.21044225537289013,0.39779199141019694,0.4127348977306768,0.3553993617478021
0.48750000000000004,0.6125,0.35,0.5610555555555601,0.20772059579483923,0.399703250821501,0.4166282495419851,0.3581421947110533
0.48750000000000004,0.625,0.35,0.5667222222222268,0.20494619825606905,0.40153719342222877,0.42043549581173373,0.3608189320094328
0.48750000000000004,0.6375000000000001,0.35,0.5723888888888936,0.20212482443060667,0.4032933087078732,0.42415579657757924,0.3634285491956407
0.48750000000000004,0.65,0.35,0.5780555555555604,0.19926211005697475,0.40497116215601603,0.4277884410886217,0.3659700990060229
0.48750000000000004,0.6625000000000001,0.35,0.5836111111111162,0.19642069145752453,0.4065825872233768,0.43134811783000715,0.36845012905168517
0.48750000000000004,0.675,0.35,0.5892777777777827,0.1934921572148995,0.40810416051877235,0.4348051593155803,0.3708540823800396
0.48750000000000004,0.6875,0.35,0.5948333333333381,0.19059626097285853,0.4095612788335483,0.4381910789423104,0.37319714710209867
0.48750000000000004,0.7000000000000001,0.35,0.6003888888888935,0.18768064658039035,0.410941586850395,0.4414903585971958,0.3754712791625716
0.48750000000000004,0.7125,0.35,0.605944444444449,0.18474971885969083,0.4122449300780094,0.44470280658764816,0.3776758937203651
0.48750000000000004,0.7250000000000001,0.35,0.6115000000000043,0.18180779645445863,0.41347121713817725,0.4478283390208816,0.3798104736781987
0.48750000000000004,0.7375,0.35,0.6169444444444486,0.17891811693099471,0.41464008508285527,0.4508901872057152,0.3818884793940974
0.48750000000000004,0.75,0.35,0.6223888888888924,0.17602553424694284,0.4157342819009453,0.4538677725182435,0.38389776510963447
0.48750000000000004,0.7625000000000001,0.35,0.6278333333333362,0.17313356129965973,0.4167538105073017,0.4567612147648695,0.38583798306724854
0.48750000000000004,0.775,0.35,0.6332777777777802,0.1702456184727147,0.41769872885243153,0.4595707248129349,0.38770884790887294
0.48750000000000004,0.7875000000000001,0.35,0.6385000000000017,0.167482129319672,0.41861797275487517,0.46235295594972015,0.38954649626494064
0.48750000000000004,0.8,0.35,0.6438333333333345,0.16466933774843623,0.4194418161517257,0.4650272376240732,0.3912993280988778
0.48750000000000004,0.8125,0.35,0.6490555555555562,0.1619269406515892,0.4202203726086898,0.46765147600658263,0.3930046048651001
0.48750000000000004,0.8250000000000001,0.35,0.6542777777777778,0.15919847200732698,0.42092924195204606,0.4701977610904833,0.3946439662313155
0.48750000000000004,0.8375,0.35,0.6592777777777773,0.15660117722151146,0.4216265387781001,0.472732261760067,0.3962620263676978
0.48750000000000004,0.8500000000000001,0.35,0.6643888888888878,0.1539632633706394,0.4222286760084071,0.4751600776018422,0.3977946947687924
0.48750000000000004,0.8625,0.35,0.6693888888888873,0.1514010934591181,0.4227948102555851,0.47754845833871923,0.3992876032625853
0.48750000000000004,0.875,0.35,0.6742777777777756,0.14891492775113338,0.4233282555850084,0.47990106316131126,0.40074369193738935
0.48750000000000004,0.8875000000000001,0.35,0.6791666666666639,0.14644891654642422,0.42379894994773404,0.4821842413960644,0.402139535600315
0.48750000000000004,0.9,0.35,0.6839444444444414,0.1440596726338985,0.4242413122412703,0.4844366538385405,0.4035024101578745
0.5,0.4,0.35,0.5500000000000045,0.2129762232933903,0.3639711295737076,0.34333129434302695,0.3098859950332357
0.5,0.41250000000000003,0.35,0.5500000000000045,0.2129762232933903,0.3664561701506817,0.3479171979029455,0.3130118311675076
0.5,0.42500000000000004,0.35,0.5500000000000045,0.2129762232933903,0.3689223258774619,0.352486096259316,0.31611874569689835
0.5,0.4375,0.35,0.5500000000000045,0.2129762232933903,0.37136979048551144,0.35703816102783176,0.3192069880821274
0.5,0.45,0.35,0.5500000000000045,0.2129762232933903,0.3737987551947885,0.3615735616245983,0.32227680135946724
0.5,0.4625,0.35,0.5500000000000045,0.2129762232933903,0.376209408753695,0.36609246530084416,0.3253284224426302
0.5,0.47500000000000003,0.35,0.5500000000000045,0.2129762232933903,0.37860193747826615,0.3705950371769754,0.32836208240418285
0.5,0.48750000000000004,0.35,0.5500000000000045,0.2129762232933903,0.38097652529061804,0.37508144027598883,0.33137800673820084
0.5,0.5,0.35,0.5500000000000045,0.2129762232933903,0.3833333537566757,0.37955183555626004,0.33437641560571646
0.5,0.5125000000000001,0.35,0.5500000000000045,0.2129762232933903,0.38567260212318305,0.384006381943719,0.33735752406434927
0.5,0.525,0.35,0.5500000000000045,0.2129762232933903,0.3879944473540318,0.3884452363634258,0.34032154228339917
0.5,0.5375000000000001,0.35,0.5500000000000045,0.2129762232933903,0.39029906416589916,0.39286855377056107,0.343268675745539
0.5,0.55,0.35,0.5500000000000045,0.2129762232933903,0.3925866250632314,0.3972764871808409,0.34619912543616166
0.5,0.5625,0.35,0.5500000000000045,0.2129762232933903,0.39485730037257455,0.4016691877003749,0.34911308802132657
0.5,0.5750000000000001,0.35,0.5507222222222267,0.21263987967512432,0.397079299356168,0.4059993788507048,0.3520019807015167
0.5,0.5875,0.35,0.5563888888888935,0.20996605260203433,0.39903218742051516,0.4099511003045366,0.35478755250029753
0.5,0.6000000000000001,0.35,0.5620000000000046,0.20726169552861812,0.40091200902317303,0.41382329118081373,0.35750985758556386
0.5,0.6125,0.35,0.5676111111111157,0.20450659100013102,0.4027157138497081,0.4176113089676015,0.36016712558920866
0.5,0.625,0.35,0.5731666666666715,0.20173419080221788,0.4044477919022268,0.42132063726512126,0.36276109103290327
0.5,0.6375000000000001,0.35,0.5787222222222271,0.19892285866285558,0.4061041315543349,0.4249455985997612,0.36528916523422295
0.5,0.65,0.35,0.5842777777777828,0.19607764598129693,0.4076843879035826,0.4284855971723819,0.36775052107295597
0.5,0.6625000000000001,0.35,0.5897222222222271,0.1932613256009719,0.40920196553626653,0.43195675787625165,0.370152993041562
0.5,0.675,0.35,0.5952777777777826,0.19036371015368592,0.4106305679967595,0.4353268596468678,0.37247979308349705
0.5,0.6875,0.35,0.6006666666666712,0.18753442110431923,0.41200664952466565,0.43863969660525054,0.37475387972809016
0.5,0.7000000000000001,0.35,0.60605555555556,0.18469097442057636,0.41330959091530817,0.44187019095847024,0.37696184007614275
0.5,0.7125,0.35,0.6115000000000043,0.18180779645445863,0.4145300278295243,0.4450073435384422,0.37909678014746395
0.5,0.7250000000000001,0.35,0.6169444444444486,0.17891811693099471,0.4156759990273762,0.44806073881562425,0.38116361973247986
0.5,0.7375,0.35,0.6222777777777814,0.17608457177205428,0.41676843792842494,0.45105468423640466,0.3831769149083104
0.5,0.75,0.35,0.6276111111111141,0.17325157557685084,0.4177888025289128,0.4539675138114529,0.3851235125435155
0.5,0.7625000000000001,0.35,0.6328333333333357,0.1704811151576463,0.4187604313792037,0.45682610214923763,0.38702017650194365
0.5,0.775,0.35,0.6380555555555574,0.16771702743371886,0.41966242430935596,0.4596063607328079,0.38885171995754036
0.5,0.7875000000000001,0.35,0.6432777777777791,0.16496184343717782,0.4204948070785351,0.4623084841355435,0.39061791461547585
0.5,0.8,0.35,0.6483888888888896,0.1622763071961373,0.4212844074056515,0.46496303243448966,0.3923387561508053
0.5,0.8125,0.35,0.6535000000000001,0.1596038397449283,0.4220068076849876,0.4675423350328189,0.3939959874975071
0.5,0.8250000000000001,0.35,0.6586111111111107,0.1569465653077692,0.42266211760177125,0.4700467364220579,0.39558950878532273
0.5,0.8375,0.35,0.663499999999999,0.1544206832700982,0.42331048808963123,0.4725438573190073,0.3971655974533148
0.5,0.8500000000000001,0.35,0.6683888888888874,0.15191199609066622,0.4238962693157061,0.4749711722346914,0.3986818025456552
0.5,0.8625,0.35,0.6732777777777758,0.14942186136091531,0.42441949030674936,0.47732898838286814,0.40013804137601344
0.5,0.875,0.35,0.678166666666664,0.14695161964322456,0.42488021736121884,0.47961766950908874,0.40153427131048197
0.5,0.8875000000000001,0.35,0.6829444444444414,0.14455800838654162,0.42531279324855154,0.4818754801794803,0.40289756125939685
0.5,0.9,0.35,0.6876111111111076,0.14224056589994685,0.4257203106309529,0.48410581528669844,0.40423072544102207
0.5125000000000001,0.4,0.35,0.5500000000000045,0.2129762232933903,0.3681255496986662,0.34555717478787884,0.312658127946534
0.5125000000000001,0.41250000000000003,0.35,0.5500000000000045,0.2129762232933903,0.37056662278938984,0.350102408641151,0.31574936414451
0.5125000000000001,0.42500000000000004,0.35,0.5500000000000045,0.2129762232933903,0.37298932752502967,0.3546311010311996,0.3188220856233416
0.5125000000000001,0.4375,0.35,0.5500000000000045,0.2129762232933903,0.375393850457311,0.3591434172343384,0.3218765352495347
0.5125000000000001,0.45,0.35,0.5500000000000045,0.2129762232933903,0.3777803757452984,0.36363952043112163,0.32491294967047607
0.5125000000000001,0.4625,0.35,0.5500000000000045,0.2129762232933903,0.3801490851930335,0.36811957173904547,0.32793155960336784
0.5125000000000001,0.47500000000000003,0.35,0.5500000000000045,0.2129762232933903,0.3825001582864699,0.3725837302446497,0.3309325901048642
0.5125000000000001,0.48750000000000004,0.35,0.5500000000000045,0.2129762232933903,0.38483377222970777,0.3770321530350113,0.3339162608229879
0.5125000000000001,0.5,0.35,0.5500000000000045,0.2129762232933903,0.3871501019805674,0.3814649952286634,0.3368827862327804
0.5125000000000001,0.5125000000000001,0.35,0.5500000000000045,0.2129762232933903,0.3894493202854893,0.38588241000593565,0.33983237585697385
0.5125000000000001,0.525,0.35,0.5500000000000045,0.2129762232933903,0.391731597713794,0.3902845486387432,0.34276523447288
0.5125000000000001,0.5375000000000001,0.35,0.5500000000000045,0.2129762232933903,0.39399710269130866,0.39467156051982194,0.3456815623065613
0.5125000000000001,0.55,0.35,0.5500000000000045,0.2129762232933903,0.3962460015333694,0.3990435931914318,0.34858155521526357
0.5125000000000001,0.5625,0.35,0.5513888888888934,0.21232849213606528,0.3984152453450473,0.40330975469074143,0.3514477578083916
0.5125000000000001,0.5750000000000001,0.35,0.5570555555555601,0.20964758631264685,0.40033607111678243,0.4072382273983737,0.3542136917819217
0.5125000000000001,0.5875,0.35,0.5626666666666712,0.2069369029345988,0.4021839238256417,0.4110878417859854,0.35691651661154344
0.5125000000000001,0.6000000000000001,0.35,0.5682777777777824,0.20417614038060056,0.4039556618565777,0.41485391975892705,0.3595544071679528
0.5125000000000001,0.6125,0.35,0.573722222222227,0.20145475788770018,0.4056660959332944,0.41855461537092975,0.3621347365552392
0.5125000000000001,0.625,0.35,0.5792777777777828,0.19863977664111893,0.4072918944481497,0.42216021022756495,0.36464476148713365
0.5125000000000001,0.6375000000000001,0.35,0.5846666666666717,0.1958773382594121,0.4088606370983,0.42570434057768913,0.3670996480045686
0.5125000000000001,0.65,0.35,0.5900555555555604,0.19308810064049,0.410356818147926,0.4291675538473618,0.36949034943757186
0.5125000000000001,0.6625000000000001,0.35,0.5955000000000047,0.19024733738038385,0.4117727074046001,0.4325405631433422,0.3718113804103133
0.5125000000000001,0.675,0.35,0.600944444444449,0.18738816865847904,0.41311449022898095,0.43583072124829425,0.37406596173026885
0.5125000000000001,0.6875,0.35,0.6062777777777822,0.18457347257172121,0.4143995422169929,0.4390581763716936,0.3762653413976391
0.5125000000000001,0.7000000000000001,0.35,0.6116111111111154,0.18174890822280593,0.4156127310439872,0.4422049919002278,0.3783993608493681
0.5125000000000001,0.7125,0.35,0.6168333333333375,0.17897709925164,0.41677388299192836,0.44529395468267235,0.38048147306226243
0.5125000000000001,0.7250000000000001,0.35,0.6220555555555591,0.1762026475010821,0.41786551127694394,0.4483047162375636,0.3824995379205468
0.5125000000000001,0.7375,0.35,0.6272777777777808,0.17342856164134893,0.4188875994564353,0.4512373044666741,0.38445322247086544
0.5125000000000001,0.75,0.35,0.6325000000000024,0.17065779116103802,0.4198401774985415,0.4540918273624603,0.3863422457488056
0.5125000000000001,0.7625000000000001,0.35,0.637611111111113,0.1679519596586242,0.42074782424930524,0.456896139279953,0.3881843891695643
0.5125000000000001,0.775,0.35,0.6427222222222235,0.16525444804213515,0.421588358637094,0.4596251091955007,0.3899634826598468
0.5125000000000001,0.7875000000000001,0.35,0.647833333333334,0.16256758660101,0.4223618451627133,0.462278962003388,0.39167935029020123
0.5125000000000001,0.8,0.35,0.6528333333333335,0.15995160243452836,0.42309623179075534,0.46488909111067056,0.39335290903146425
0.5125000000000001,0.8125,0.35,0.6577222222222219,0.15740753315944042,0.4237948810035153,0.4674591386127327,0.39498703956978354
0.5125000000000001,0.8250000000000001,0.35,0.6626666666666657,0.15485008069323894,0.42441608860075863,0.4699427307862925,0.3965500749438129
0.5125000000000001,0.8375,0.35,0.6676111111111097,0.1523099031316423,0.424973866312514,0.47235574988938506,0.3980524684133859
0.5125000000000001,0.8500000000000001,0.35,0.6723333333333313,0.14990139371909045,0.425532482510757,0.4747693573707383,0.39954407350805027
0.5125000000000001,0.8625,0.35,0.6770555555555531,0.14751124434942806,0.4260319909873656,0.4771172652253935,0.4009787942907174
0.5125000000000001,0.875,0.35,0.6818333333333303,0.1451127806611738,0.42645536875506446,0.4793810683645528,0.40234316823397354
0.5125000000000001,0.8875000000000001,0.35,0.6863888888888855,0.1428455008335961,0.4268890000768762,0.4816557043990485,0.40370519965819823
0.5125000000000001,0.9,0.35,0.6909999999999962,0.14057090217635615,0.42724860681603516,0.4838489071568661,0.40499871314113567
0.525,0.4,0.35,0.5500000000000045,0.2129762232933903,0.37226356887977907,0.34776825845223847,0.3154147684286987
0.525,0.41250000000000003,0.35,0.5500000000000045,0.2129762232933903,0.3746611366298486,0.35227323738906285,0.3184717644315502
0.525,0.42500000000000004,0.35,0.5500000000000045,0.2129762232933903,0.3770408426933836,0.35676212989829775,0.321510646178904
0.525,0.4375,0.35,0.5500000000000045,0.2129762232933903,0.3794028666496542,0.3612350950986271,0.3245316500547102
0.525,0.45,0.35,0.5500000000000045,0.2129762232933903,0.38174738579944595,0.3656922901127379,0.3275350064254704
0.525,0.4625,0.35,0.5500000000000045,0.2129762232933903,0.384074575200504,0.3701338700981219,0.33052093991661796
0.525,0.47500000000000003,0.35,0.5500000000000045,0.2129762232933903,0.38638460770231575,0.3745599882773084,0.33348966967070476
0.525,0.48750000000000004,0.35,0.5500000000000045,0.2129762232933903,0.38867765398025683,0.3789707959675433,0.33644140958887603
0.525,0.5,0.35,0.5500000000000045,0.2129762232933903,0.390953882569105,0.38336644260992453,0.33937636855696474
0.525,0.5125000000000001,0.35,0.5500000000000045,0.2129762232933903,0.39321345989593137,0.3877470757980004,0.3422947506574157
0.525,0.525,0.35,0.5500000000000045,0.2129762232933903,0.3954565503124033,0.3921128413058512,0.34519675536815336
0.525,0.5375000000000001,0.35,0.5500000000000045,0.2129762232933903,0.3976833161264835,0.39646388311566466,0.3480825777493846
0.525,0.55,0.35,0.5517222222222267,0.21217247185141835,0.3998138767091491,0.40068818182126836,0.3509299948711328
0.525,0.5625,0.35,0.5575000000000045,0.20943480215292218,0.4016991189450171,0.4045881177600173,0.3536763199412214
0.525,0.5750000000000001,0.35,0.5630555555555601,0.20674711949507077,0.40352082315093024,0.4084223520212566,0.3563631507301497
0.525,0.5875,0.35,0.5686111111111157,0.20401067882785479,0.4052676875029538,0.4121750087833051,0.3589862081030273
0.525,0.6000000000000001,0.35,0.5741666666666715,0.20123087155604757,0.4069392761928654,0.4158452556210102,0.36154453755317756
0.525,0.6125,0.35,0.5796111111111161,0.19846976713376274,0.408546840121047,0.4194463185536756,0.3640439352386557
0.525,0.625,0.35,0.5849444444444495,0.19573418540547333,0.4100937490406043,0.4229814366011582,0.36648667050359557
0.525,0.6375000000000001,0.35,0.5903333333333383,0.1929436755311139,0.41156241320875536,0.4264292832985244,0.36886207220374545
0.525,0.65,0.35,0.5956666666666715,0.19016009125378058,0.4129660545125382,0.4298052804539872,0.37117769894859254
0.525,0.6625000000000001,0.35,0.600944444444449,0.18738816865847904,0.4143063475294851,0.43311102040135796,0.373434525573011
0.525,0.675,0.35,0.6062777777777822,0.18457347257172121,0.41556739186551317,0.43632795762108095,0.3756218092327347
0.525,0.6875,0.35,0.6115000000000043,0.18180779645445863,0.41677551632361204,0.439486235533522,0.37775676195277247
0.525,0.7000000000000001,0.35,0.6166666666666708,0.17906564627922206,0.4179242748385706,0.4425781587030384,0.37983515997338885
0.525,0.7125,0.35,0.6219444444444481,0.17626168567223877,0.418983726335496,0.44556971917423593,0.3818358876333587
0.525,0.7250000000000001,0.35,0.627000000000003,0.17357605567523798,0.42001721726682273,0.4485325248433908,0.38380321807137663
0.525,0.7375,0.35,0.632055555555558,0.17089342923333237,0.4209848532611097,0.4514213186549912,0.3857091926282839
0.525,0.75,0.35,0.6371666666666685,0.16818692429305745,0.42187440286588895,0.4542225061346225,0.3875446173017202
0.525,0.7625000000000001,0.35,0.6422777777777792,0.16548862282837237,0.4226970848892964,0.4569488087972068,0.3893172437950447
0.525,0.775,0.35,0.6472777777777786,0.1628590780988882,0.42347970416582054,0.45963010326478637,0.3910468142325602
0.525,0.7875000000000001,0.35,0.6521666666666669,0.16029961840515597,0.42422563806223,0.46227000677001845,0.3927361806294928
0.525,0.8,0.35,0.6570555555555553,0.15775359155048121,0.42490932740595105,0.46484022169850603,0.39436630865694444
0.525,0.8125,0.35,0.6619444444444437,0.1552226053619505,0.42553081032745893,0.4673409814122623,0.3959370792901385
0.525,0.8250000000000001,0.35,0.6666666666666653,0.15279369623052114,0.42613667636504104,0.469823593933791,0.3974841453395738
0.525,0.8375,0.35,0.671388888888887,0.15038166853529047,0.4266836280971383,0.47224051183329246,0.3989746058989151
0.525,0.8500000000000001,0.35,0.6761666666666643,0.14795967233383026,0.4271551896359509,0.47457399051462107,0.40039555163061086
0.525,0.8625,0.35,0.6807222222222193,0.14566874508777233,0.4276350480098684,0.47691549370467956,0.40181213585483067
0.525,0.875,0.35,0.6853333333333301,0.14336909975562334,0.4280416431004058,0.47917619462958644,0.4031610107208728
0.525,0.8875000000000001,0.35,0.6899444444444407,0.1410897443715248,0.4283915654591219,0.481374461165871,0.4044550256983811
0.525,0.9,0.35,0.6943888888888846,0.1389127577738857,0.42874029841765954,0.48357052125492683,0.40573819085847945
0.5375000000000001,0.4,0.35,0.5500000000000045,0.2129762232933903,0.3763853389684942,0.3499646799578358,0.31815609132832817
0.5375000000000001,0.41250000000000003,0.35,0.5500000000000045,0.2129762232933903,0.3787398576937912,0.35442981362256265,0.3211792018915257
0.5375000000000001,0.42500000000000004,0.35,0.5500000000000045,0.2129762232933903,0.3810770117600584,0.3588793073532811,0.3241845923313822
0.5375000000000001,0.4375,0.35,0.5500000000000045,0.2129762232933903,0.38339697397585826,0.36331331428797137,0.32717249266166987
0.5375000000000001,0.45,0.35,0.5500000000000045,0.2129762232933903,0.3856999149809434,0.36773198566446186,0.33014312707655824
0.5375000000000001,0.4625,0.35,0.5500000000000045,0.2129762232933903,0.3879860032796137,0.37213547084942594,0.33309671421483406
0.5375000000000001,0.47500000000000003,0.35,0.5500000000000045,0.2129762232933903,0.3902554052734601,0.3765239173668369,0.3360334674069827
0.5375000000000001,0.48750000000000004,0.35,0.5500000000000045,0.2129762232933903,0.39250828529351706,0.38089747092592546,0.3389535949065154
0.5375000000000001,0.5,0.35,0.5500000000000045,0.2129762232933903,0.3947448056318248,0.3852562754486136,0.3418573001067619
0.5375000000000001,0.5125000000000001,0.35,0.5500000000000045,0.2129762232933903,0.39696512657241,0.3896004730964627,0.3447447817442698
0.5375000000000001,0.525,0.35,0.5500000000000045,0.2129762232933903,0.3991694064217236,0.3939302042971295,0.3476162340898389
0.5375000000000001,0.5375000000000001,0.35,0.5519444444444489,0.21206833823631493,0.4012657061063726,0.3981199385557315,0.35044606775243425
0.5375000000000001,0.55,0.35,0.5576111111111157,0.20938159614892957,0.40312928703161255,0.4020096308089574,0.3531786591420161
0.5375000000000001,0.5625,0.35,0.5632777777777823,0.20663856110809656,0.40491612213498185,0.4058168638121683,0.35584673864420396
0.5375000000000001,0.5750000000000001,0.35,0.5689444444444491,0.20384506131755117,0.4066256825291163,0.40954062895793986,0.3584492204280875
0.5375000000000001,0.5875,0.35,0.5743888888888937,0.20111888918471532,0.4082785907533017,0.4132052319096583,0.3609965238838377
0.5375000000000001,0.6000000000000001,0.35,0.5797222222222272,0.1984130708145864,0.4098701606413381,0.41680377194585877,0.3634871511716455
0.5375000000000001,0.6125,0.35,0.5851666666666717,0.19561957343758937,0.4113778936136322,0.4203092709342583,0.3659079662500221
0.5375000000000001,0.625,0.35,0.5905000000000049,0.19285696693664503,0.41282623888717507,0.4237501530085522,0.36827268538879276
0.5375000000000001,0.6375000000000001,0.35,0.5957222222222269,0.1901310013498962,0.41421865324719204,0.4271297832607747,0.3705837408139
0.5375000000000001,0.65,0.35,0.600944444444449,0.18738816865847904,0.41554204459385424,0.4304327333688648,0.37283286543689675
0.5375000000000001,0.6625000000000001,0.35,0.6062777777777822,0.18457347257172121,0.41677862679799443,0.43363873164891265,0.3750077997931164
0.5375000000000001,0.675,0.35,0.6113888888888932,0.1818667473929067,0.4179814711810068,0.43680774078936957,0.37714342246126475
0.5375000000000001,0.6875,0.35,0.6166111111111153,0.17909515725038821,0.4190974330094971,0.4398795391850489,0.3792040150323604
0.5375000000000001,0.7000000000000001,0.35,0.6216111111111148,0.17643880098556777,0.4201866215945797,0.4429214594901075,0.38123065028751807
0.5375000000000001,0.7125,0.35,0.6267222222222253,0.173723568456021,0.42118894368548376,0.44586613143166565,0.3831816082874256
0.5375000000000001,0.7250000000000001,0.35,0.6317222222222247,0.17107016263354866,0.42214792189590505,0.44876206390451084,0.38508725087815493
0.5375000000000001,0.7375,0.35,0.6367222222222242,0.16842201220975953,0.4230424146160478,0.4515856974665793,0.3869325326326206
0.5375000000000001,0.75,0.35,0.6417222222222236,0.16578145271437397,0.4238724793298375,0.4543371662796316,0.38871725426914955
0.5375000000000001,0.7625000000000001,0.35,0.646611111111112,0.16320902896665604,0.42466493209851747,0.45704602231292024,0.390461042539689
0.5375000000000001,0.775,0.35,0.6515000000000003,0.16064788323185308,0.4253952684533614,0.4596853108941997,0.3921459247270203
0.5375000000000001,0.7875000000000001,0.35,0.6563333333333331,0.15812880011977581,0.4260780301895943,0.46227105400288354,0.39378266734415807
0.5375000000000001,0.8,0.35,0.6611666666666659,0.15562415895616508,0.4266998820305157,0.4647887719687247,0.3953612534934503
0.5375000000000001,0.8125,0.35,0.6659444444444432,0.1531641191190027,0.42727642397438725,0.4672555982353746,0.39689345563719364
0.5375000000000001,0.8250000000000001,0.35,0.6706111111111094,0.15077773034403238,0.4278252461922561,0.4696906990382026,0.3983929183103564
0.5375000000000001,0.8375,0.35,0.6752777777777755,0.14840883886122838,0.42831648647618875,0.47206173657879685,0.39983689202997896
0.5375000000000001,0.8500000000000001,0.35,0.6798333333333305,0.14611427812885225,0.4287841727860852,0.4744056742632221,0.4012517696129095
0.5375000000000001,0.8625,0.35,0.6843333333333302,0.14386612531142082,0.4292138754715825,0.4767069568022004,0.4026266174065573
0.5375000000000001,0.875,0.35,0.6888333333333296,0.14163705976286667,0.4295891026077466,0.4789479888851675,0.40394863031504813
0.5375000000000001,0.8875000000000001,0.35,0.6932777777777737,0.1394551253590889,0.4299283709500868,0.4811488742054426,0.4052323853217228
0.5375000000000001,0.9,0.35,0.6976111111111065,0.13734711248059656,0.4302519960213017,0.48333150212373427,0.40649417274311656
0.55,0.4,0.35,0.5500000000000045,0.2129762232933903,0.3804910100180738,0.35214657235090446,0.32088226781013324
0.55,0.41250000000000003,0.35,0.5500000000000045,0.2129762232933903,0.3828029302931041,0.3565722653192017,0.323871842826506
0.55,0.42500000000000004,0.35,0.5500000000000045,0.2129762232933903,0.38509797347731145,0.3609827564643736,0.32684408560906897
0.55,0.4375,0.35,0.5500000000000045,0.2129762232933903,0.38737630580491256,0.36537819311593206,0.329799219914316
0.55,0.45,0.35,0.5500000000000045,0.2129762232933903,0.38963809144664513,0.3697587207953034,0.3327374638730122
0.55,0.4625,0.35,0.5500000000000045,0.2129762232933903,0.3918834925411432,0.37412448324310255,0.3356590302426525
0.55,0.47500000000000003,0.35,0.5500000000000045,0.2129762232933903,0.3941126692257495,0.3784756224459181,0.33856412664379365
0.55,0.48750000000000004,0.35,0.5500000000000045,0.2129762232933903,0.396325779666768,0.38281227866261486,0.34145295578152335
0.55,0.5,0.35,0.5500000000000045,0.2129762232933903,0.39852298008917125,0.3871345904501621,0.3443257156532181
0.55,0.5125000000000001,0.35,0.5500000000000045,0.2129762232933903,0.4007044248057731,0.39144269468900555,0.3471825997436442
0.55,0.525,0.35,0.5517222222222267,0.21217247185141835,0.40278790239665374,0.39562696798051583,0.35000112848197384
0.55,0.5375000000000001,0.35,0.5576111111111157,0.20938159614892957,0.404614056861974,0.3994851581621346,0.3527157535356381
0.55,0.55,0.35,0.5632777777777823,0.20663856110809656,0.40637463328284634,0.4032762410162472,0.35536939562653824
0.55,0.5625,0.35,0.5689444444444491,0.20384506131755117,0.40805802355254994,0.40698459443529283,0.3579576819799849
0.55,0.5750000000000001,0.35,0.5743888888888937,0.20111888918471532,0.40968505593409116,0.41063428626059134,0.36049104098082
0.55,0.5875,0.35,0.5798333333333383,0.19835632674607098,0.41123913865792594,0.4142047497082313,0.3629612553220495
0.55,0.6000000000000001,0.35,0.5852777777777828,0.19556230211204623,0.4127200197697574,0.41769538643903187,0.36536755900844836
0.55,0.6125,0.35,0.5905000000000049,0.19285696693664503,0.4141560375258995,0.42113813981512516,0.3677267418819053
0.55,0.625,0.35,0.5957222222222269,0.1901310013498962,0.4155233289051793,0.4245051332600002,0.37002476036066756
0.55,0.6375000000000001,0.35,0.600944444444449,0.18738816865847904,0.416821757829462,0.42779601952514407,0.37226106638146833
0.55,0.65,0.35,0.60605555555556,0.18469097442057636,0.4180690572144271,0.43103042859793084,0.3744469284369456
0.55,0.6625000000000001,0.35,0.6112777777777821,0.18192566286658496,0.41923075829014655,0.4341696548658828,0.37655941992435743
0.55,0.675,0.35,0.6163333333333375,0.1792426770413373,0.42035366240642835,0.4372656517953401,0.37862954560451
0.55,0.6875,0.35,0.6213888888888925,0.1765568782479239,0.4214110630201838,0.4402885410519096,0.3806393360385767
0.55,0.7000000000000001,0.35,0.626388888888892,0.17390058935923236,0.42241416402865467,0.4432506014826066,0.3825963665320968
0.55,0.7125,0.35,0.6313888888888914,0.17124691943968726,0.42335294393164885,0.4461407347150464,0.3844934949641617
0.55,0.7250000000000001,0.35,0.6362777777777798,0.1686571293862004,0.42425204605516026,0.4489858885130709,0.3863482247297566
0.55,0.7375,0.35,0.6412777777777793,0.166015803945793,0.42506346119001565,0.4517335819815571,0.38812589057260743
0.55,0.75,0.35,0.6460555555555565,0.16350081564131225,0.42586428515366054,0.4544679006495759,0.38988244687842794
0.55,0.7625000000000001,0.35,0.6509444444444449,0.16093832050703624,0.4265775580588403,0.45710507453709837,0.39156162811969264
0.55,0.775,0.35,0.6556666666666665,0.15847543795115762,0.4272723517159613,0.4597201594323833,0.3932144356068702
0.55,0.7875000000000001,0.35,0.6603888888888882,0.1560261858419601,0.4279085935358235,0.4622697260061067,0.39481124208917723
0.55,0.8,0.35,0.6650555555555544,0.15362055430764632,0.4285018032551775,0.4647706504740121,0.3963636995405835
0.55,0.8125,0.35,0.6697222222222206,0.15123096746398484,0.429037617030807,0.4672075589948222,0.39786094468842315
0.55,0.8250000000000001,0.35,0.6742777777777756,0.14891492775113338,0.4295490243824509,0.4696160382161784,0.3993282538146798
0.55,0.8375,0.35,0.6788333333333306,0.1466163852208108,0.4300051478733422,0.4719630207206053,0.4007420967183332
0.55,0.8500000000000001,0.35,0.6833333333333302,0.1443640959846103,0.430423513913035,0.4742674436865626,0.4021160334143624
0.55,0.8625,0.35,0.6878333333333297,0.142130707037231,0.4307876732803306,0.4765118928368658,0.40343735972711353
0.55,0.875,0.35,0.6921666666666626,0.13999872662673885,0.43115286013999715,0.47875539647675547,0.40474943423859694
0.55,0.8875000000000001,0.35,0.6966111111111066,0.13783184407626434,0.4314291104510074,0.4809022860454192,0.40598179464766676
0.55,0.9,0.35,0.7008333333333283,0.13579236976635398,0.43172947968009867,0.48307292823276365,0.40722368137272924
0.5625,0.4,0.35,0.5500000000000045,0.2129762232933903,0.38458073030989115,0.35431406712504016,0.3235934654994968
0.5625,0.41250000000000003,0.35,0.5500000000000045,0.2129762232933903,0.38685049705454877,0.35870071897968936,0.32654985011593307
0.5625,0.42500000000000004,0.35,0.5500000000000045,0.2129762232933903,0.38910386499535493,0.3630725988955492,0.3294892842327525
0.5625,0.4375,0.35,0.5500000000000045,0.2129762232933903,0.3913409939832971,0.367429848561329,0.33241198546239287
0.5625,0.45,0.35,0.5500000000000045,0.2129762232933903,0.39356204190702776,0.3717726079460719,0.33531816598135283
0.5625,0.4625,0.35,0.5500000000000045,0.2129762232933903,0.3957671647223611,0.3761010153248027,0.33820803277129186
0.5625,0.47500000000000003,0.35,0.5500000000000045,0.2129762232933903,0.3979565164812469,0.38041520730370904,0.34108178784495186
0.5625,0.48750000000000004,0.35,0.5500000000000045,0.2129762232933903,0.40013024936021513,0.3847153188448867,0.34393962845807785
0.5625,0.5,0.35,0.5500000000000045,0.2129762232933903,0.40228851368833135,0.3890014832906376,0.34678174730840833
0.5625,0.5125000000000001,0.35,0.5512777777777823,0.21238045069009254,0.40437001667765954,0.3931937748796278,0.34959183703823987
0.5625,0.525,0.35,0.5572777777777823,0.20954125553024416,0.40616756574839785,0.39703152698030236,0.35229295528319593
0.5625,0.5375000000000001,0.35,0.5630555555555601,0.20674711949507077,0.4078970484474045,0.4008000663216129,0.3549312489968639
0.5625,0.55,0.35,0.5687222222222269,0.2039554902495588,0.4095563117662737,0.4044951062156761,0.35750708852767055
0.5625,0.5625,0.35,0.5742777777777825,0.2011749054009435,0.4111487632449901,0.40811960620510196,0.3600225376822497
0.5625,0.5750000000000001,0.35,0.5797222222222272,0.1984130708145864,0.412677840197841,0.4116766284636532,0.3624797694584182
0.5625,0.5875,0.35,0.5850555555555605,0.1956769022047961,0.41414698878268613,0.4151693111778254,0.3648810453002978
0.5625,0.6000000000000001,0.35,0.5903888888888937,0.192914790028962,0.4155453075892221,0.41858478885620554,0.3672199885785909
0.5625,0.6125,0.35,0.5956111111111159,0.19018919007256616,0.41688819666589333,0.4219399281271217,0.36950570905584523
0.5625,0.625,0.35,0.6008333333333379,0.18744664281888643,0.4181623890097538,0.4252195389396404,0.37172994762671924
0.5625,0.6375000000000001,0.35,0.605944444444449,0.18474971885969083,0.4193857387103007,0.428443084661381,0.37390396153597755
0.5625,0.65,0.35,0.6110555555555599,0.1820434853739461,0.4205426265418773,0.4315930458689748,0.3760175831156329
0.5625,0.6625000000000001,0.35,0.6160555555555598,0.17939019840660156,0.42165323674264665,0.43469135397509473,0.3780841538169941
0.5625,0.675,0.35,0.6210555555555592,0.17673399416094232,0.42269967042274387,0.43771821514242215,0.3800916081096562
0.5625,0.6875,0.35,0.6260555555555587,0.17407762195111456,0.42368195120359364,0.44067359684712704,0.3820396517584616
0.5625,0.7000000000000001,0.35,0.6310000000000026,0.1714531595842292,0.42461188981649317,0.44357026441255876,0.383936359926374
0.5625,0.7125,0.35,0.6359444444444465,0.16883350571814743,0.4254788905544975,0.4463966755975817,0.385774161505306
0.5625,0.7250000000000001,0.35,0.6407222222222237,0.16630884963369827,0.4263215916321814,0.4491945105031297,0.38758078864014145
0.5625,0.7375,0.35,0.6456111111111121,0.16373434835255868,0.42707794871245597,0.4518968145693199,0.3893114795679995
0.5625,0.75,0.35,0.6502777777777783,0.1612870300015966,0.4278283458122952,0.45459012939611937,0.39102480662037614
0.5625,0.7625000000000001,0.35,0.6549999999999999,0.15882234743400026,0.42850696447803305,0.4572036870184506,0.3926726667026666
0.5625,0.775,0.35,0.6597222222222217,0.1563710816061001,0.42912727421187535,0.4597520887433119,0.3942647542675081
0.5625,0.7875000000000001,0.35,0.6643333333333322,0.15399183295060095,0.42972024448239976,0.46226853365389753,0.3958243162135167
0.5625,0.8,0.35,0.6689444444444429,0.15162806452096728,0.4302570878795205,0.46472232260274876,0.39732982444810394
0.5625,0.8125,0.35,0.6734999999999979,0.14930910919123178,0.4307542949631095,0.4671311696932819,0.39879379480784133
0.5625,0.8250000000000001,0.35,0.6779444444444419,0.14706347949930543,0.4312303736524125,0.469514812966884,0.4002306037107271
0.5625,0.8375,0.35,0.6823888888888858,0.14483526500770594,0.43165343110803817,0.47183946565670687,0.4016159406321537
0.5625,0.8500000000000001,0.35,0.6868333333333299,0.1426253304391125,0.43202351789699145,0.4741053865102904,0.4029497857207487
0.5625,0.8625,0.35,0.6911666666666627,0.1404890596303783,0.43237740317634765,0.47635163104084177,0.4042608375335055
0.5625,0.875,0.35,0.6954999999999956,0.1383716346658085,0.43268030245223854,0.47854155349713384,0.4055221419218381
0.5625,0.8875000000000001,0.35,0.6997222222222174,0.13632725556096412,0.43297078536635886,0.4807159884254485,0.40676410487823833
0.5625,0.9,0.35,0.7039444444444392,0.13430187361101162,0.433212158796938,0.4828364193910953,0.407958024053019
0.5750000000000001,0.4,0.35,0.5500000000000045,0.2129762232933903,0.388654646379271,0.35646729424366164,0.3262898486184805
0.5750000000000001,0.41250000000000003,0.35,0.5500000000000045,0.2129762232933903,0.39088269894405847,0.36081529964901365,0.3292133833467771
0.5750000000000001,0.42500000000000004,0.35,0.5500000000000045,0.2129762232933903,0.3930948218851853,0.36514895492638105,0.3321203432401446
0.5750000000000001,0.4375,0.35,0.5500000000000045,0.2129762232933903,0.39529116885642773,0.369468396286888,0.33501093988033614
0.5750000000000001,0.45,0.35,0.5500000000000045,0.2129762232933903,0.397471891646331,0.37377375830690096,0.33788537959877823
0.5750000000000001,0.4625,0.35,0.5500000000000045,0.2129762232933903,0.39963714020592644,0.3780651739521217,0.34074386370670756
0.5750000000000001,0.47500000000000003,0.35,0.5500000000000045,0.2129762232933903,0.40178706267595543,0.3823427746012605,0.34358658871103603
0.5750000000000001,0.48750000000000004,0.35,0.5500000000000045,0.2129762232933903,0.40392180541360695,0.3866066900692883,0.34641374651702483
0.5750000000000001,0.5,0.35,0.5506111111111156,0.21269169243646222,0.40601209499888774,0.3908195261985113,0.34921788684800914
0.5750000000000001,0.5125000000000001,0.35,0.5567222222222268,0.20980691843443497,0.4077832854118923,0.3946392859339526,0.3519074059569542
0.5750000000000001,0.525,0.35,0.5627222222222268,0.2069098108457092,0.40947563250753855,0.39837808368837463,0.35452862671756336
0.5750000000000001,0.5375000000000001,0.35,0.5683888888888935,0.20412100391614701,0.41111155727962934,0.4020605764408047,0.357092734543405
0.5750000000000001,0.55,0.35,0.5740555555555603,0.20128689221659077,0.41267010285539163,0.40566095255782975,0.3595910593796172
0.5750000000000001,0.5625,0.35,0.5796111111111161,0.19846976713376274,0.41416293396566844,0.4091918620003307,0.36202935552154064
0.5750000000000001,0.5750000000000001,0.35,0.5849444444444495,0.19573418540547333,0.41560682220967965,0.41267115613374483,0.3644176021312139
0.5750000000000001,0.5875,0.35,0.5902777777777827,0.19297256969739815,0.4169800369141881,0.41607388132209444,0.36674376198384323
0.5750000000000001,0.6000000000000001,0.35,0.5955000000000047,0.19024733738038385,0.4182980708854461,0.4194167268686202,0.3690169229103756
0.5750000000000001,0.6125,0.35,0.6006111111111158,0.1875636734875018,0.41956441735209277,0.4227029865794651,0.37123955357572375
0.5750000000000001,0.625,0.35,0.6057222222222267,0.18486719453988845,0.42076452711262613,0.4259164189780442,0.37340245501606945
0.5750000000000001,0.6375000000000001,0.35,0.6108333333333377,0.18216126370052835,0.4218983616905315,0.42905680747711866,0.37550519931415877
0.5750000000000001,0.65,0.35,0.6158333333333376,0.17950817263083657,0.42298620026431644,0.43214588041274776,0.37756109055690473
0.5750000000000001,0.6625000000000001,0.35,0.620833333333337,0.17685203904570676,0.42401006599148605,0.4351640087005254,0.3795580960228594
0.5750000000000001,0.675,0.35,0.6257222222222254,0.17425466547713184,0.42499249843534065,0.43813529683859004,0.38151155978573287
0.5750000000000001,0.6875,0.35,0.6306111111111138,0.17165943900959912,0.4259132455464967,0.4410378546603417,0.3834075395596925
0.5750000000000001,0.7000000000000001,0.35,0.6355000000000021,0.16906869319747336,0.42677235856780366,0.4438717161544765,0.3852458118415251
0.5750000000000001,0.7125,0.35,0.6402777777777794,0.16654336968110348,0.427595686794944,0.44666444540352557,0.38704472806613616
0.5750000000000001,0.7250000000000001,0.35,0.645000000000001,0.1640555984969547,0.4283730608175375,0.4494051085281954,0.38879723313454756
0.5750000000000001,0.7375,0.35,0.6497222222222228,0.16157780179204376,0.4290922226686773,0.4520806563565234,0.39049441255144657
0.5750000000000001,0.75,0.35,0.6543888888888889,0.1591405871429283,0.42976766923386633,0.45470654545193845,0.39214681201966817
0.5750000000000001,0.7625000000000001,0.35,0.6590555555555551,0.15671627410410088,0.4303860767149386,0.4572686866516687,0.3937446008671902
0.5750000000000001,0.775,0.35,0.6636111111111102,0.15436349967978502,0.43097840989067704,0.4597999440225447,0.395310886891946
0.5750000000000001,0.7875000000000001,0.35,0.6681666666666651,0.15202560778886332,0.4315158501288376,0.46226987539106296,0.3968242490257887
0.5750000000000001,0.8,0.35,0.6726111111111092,0.14976028099703695,0.43203134708671354,0.4647133642115479,0.39830964608898056
0.5750000000000001,0.8125,0.35,0.6771666666666641,0.1474552083251916,0.4324602109946658,0.4670623232926711,0.3997179396357818
0.5750000000000001,0.8250000000000001,0.35,0.681499999999997,0.14527944294376358,0.43290395544205523,0.4694237968153193,0.4011267501607794
0.5750000000000001,0.8375,0.35,0.6859444444444411,0.143065834902009,0.4332612184163908,0.47169125874671214,0.40245843268054476
0.5750000000000001,0.8500000000000001,0.35,0.6901666666666628,0.14098039648746266,0.4336390892450736,0.47397732409778676,0.4037958267591311
0.5750000000000001,0.8625,0.35,0.6944999999999957,0.1388585647060112,0.43393056694780274,0.4761698764227106,0.4050560750584253
0.5750000000000001,0.875,0.35,0.698666666666662,0.13683658984337574,0.43422905122390515,0.47836690633962636,0.4063120851577805
0.5750000000000001,0.8875000000000001,0.35,0.7028333333333281,0.13483297101051006,0.43447959276950254,0.48051104813744416,0.40752109849588175
0.5750000000000001,0.9,0.35,0.7069444444444388,0.1328746164559154,0.43470236198849493,0.4826235333507506,0.40869906737602957
0.5875,0.4,0.35,0.5500000000000045,0.2129762232933903,0.39271290304088097,0.3586063821620793,0.3289715781139142
0.5875,0.41250000000000003,0.35,0.5500000000000045,0.2129762232933903,0.3948996752906124,0.3629161309372022,0.33186259893623216
0.5875,0.42500000000000004,0.35,0.5500000000000045,0.2129762232933903,0.39707097816103004,0.3672119434715593,0.33473741460329715
0.5875,0.4375,0.35,0.5500000000000045,0.2129762232933903,0.39922695928974694,0.371493950657582,0.33759623077952716
0.5875,0.45,0.35,0.5500000000000045,0.2129762232933903,0.4013677645423602,0.37576228183446214,0.3404392480603812
0.5875,0.4625,0.35,0.5500000000000045,0.2129762232933903,0.40349353803847404,0.380017064810771,0.3432666621919256
0.5875,0.47500000000000003,0.35,0.5500000000000045,0.2129762232933903,0.405604422177263,0.3842584258866936,0.34607866427698447
0.5875,0.48750000000000004,0.35,0.5500000000000045,0.2129762232933903,0.4077005576625895,0.3884864898758749,0.3488754409688794
0.5875,0.5,0.35,0.5560555555555601,0.21012498761528164,0.4094544327094478,0.39229941898362347,0.3515562846010231
0.5875,0.5125000000000001,0.35,0.5620555555555601,0.20723466272627103,0.4111268580087866,0.39602877559360444,0.3541684701134428
0.5875,0.525,0.35,0.567944444444449,0.20434144482286,0.4127239946825627,0.39968066947104314,0.3567145593285093
0.5875,0.5375000000000001,0.35,0.5736111111111158,0.20151068240508965,0.4142601521272295,0.40327002841692605,0.3592021918391973
0.5875,0.55,0.35,0.5792777777777828,0.19863977664111893,0.41571871618030687,0.4067772044414791,0.3616234114471768
0.5875,0.5625,0.35,0.5846111111111162,0.19590596704893784,0.4171393198742512,0.41024510326721,0.3640003578870562
0.5875,0.5750000000000001,0.35,0.5899444444444494,0.1931458518726405,0.41848941476567436,0.41363708332470867,0.3663154904288835
0.5875,0.5875,0.35,0.5952777777777826,0.19036371015368592,0.41976885387968565,0.4169526706320413,0.3685681758768929
0.5875,0.6000000000000001,0.35,0.6003888888888935,0.18768064658039035,0.421011343026431,0.42022782157335153,0.3707791998768255
0.5875,0.6125,0.35,0.6055000000000045,0.18498461933045052,0.42218778194303486,0.42343070879501216,0.3729307366023293
0.5875,0.625,0.35,0.6106111111111154,0.18227909586380792,0.4232981623295807,0.4265611222896763,0.37502236852443394
0.5875,0.6375000000000001,0.35,0.6156111111111153,0.17962620569804874,0.4243628101126606,0.429640544298473,0.37706733725742453
0.5875,0.65,0.35,0.6205000000000037,0.17702915332926727,0.42538514195672156,0.4326723166799873,0.37906825219583273
0.5875,0.6625000000000001,0.35,0.6253888888888921,0.1744317191801344,0.4263459917312259,0.4356358743264979,0.3810121835984009
0.5875,0.675,0.35,0.6302777777777805,0.1718362686731428,0.42724537408521013,0.4385311689958438,0.3828988626559785
0.5875,0.6875,0.35,0.6350555555555577,0.16930399821572537,0.42810808556437313,0.4413843526681832,0.3847455604247876
0.5875,0.7000000000000001,0.35,0.6398333333333349,0.1667779316705912,0.42891161227026126,0.4441715454352144,0.38653651011668694
0.5875,0.7125,0.35,0.6445000000000011,0.16431854191750292,0.4296828751518534,0.4469211068057565,0.3882909300011057
0.5875,0.7250000000000001,0.35,0.6491666666666672,0.16186870505863898,0.4303971988100814,0.4496070052999664,0.3899911850635391
0.5875,0.7375,0.35,0.6538333333333334,0.1594300547526,0.4310546541677831,0.45222937111647105,0.39163715607102356
0.5875,0.75,0.35,0.6583888888888885,0.15706175930990596,0.4316852217640204,0.4548197284166693,0.3932508953657373
0.5875,0.7625000000000001,0.35,0.6629444444444436,0.15470690568649334,0.432261081710052,0.4573489171024312,0.39481200301731934
0.5875,0.775,0.35,0.6673888888888875,0.15242367648218555,0.432814173170737,0.4598504684674418,0.3963443626072488
0.5875,0.7875000000000001,0.35,0.6719444444444426,0.1500990679245215,0.43328184096772177,0.4622589133956561,0.3978009423971702
0.5875,0.8,0.35,0.6762777777777754,0.14790360545021788,0.4337626137533762,0.4646773619165228,0.39925619510414906
0.5875,0.8125,0.35,0.6806111111111083,0.14572440090612673,0.43419280397146315,0.46703932999102643,0.40066217966075435
0.5875,0.8250000000000001,0.35,0.6849444444444412,0.14356227843078082,0.43457246137930117,0.46934503587191634,0.4020188727587951
0.5875,0.8375,0.35,0.6892777777777741,0.14141800299075638,0.43490163507656754,0.4715947144377175,0.4033262612620804
0.5875,0.8500000000000001,0.35,0.6934999999999958,0.13934652461103844,0.435217841058306,0.47382752611708284,0.40461348293445193
0.5875,0.8625,0.35,0.6976666666666621,0.13732021009882697,0.4355046873286676,0.4760265189745283,0.4058681019525086
0.5875,0.875,0.35,0.7018333333333282,0.13531212974175358,0.4357438708358708,0.4781728798802339,0.4070759402391603
0.5875,0.8875000000000001,0.35,0.7059444444444389,0.13334926404692005,0.43595553178307667,0.48028764919064454,0.40825284909221426
0.5875,0.9,0.35,0.7099444444444385,0.13145737229355223,0.4361614524625684,0.48239347855758113,0.40941624967366586
0.6000000000000001,0.4,0.35,0.5500000000000045,0.2129762232933903,0.3967556434136764,0.3607314578491878,0.33163881177815274
0.6000000000000001,0.41250000000000003,0.35,0.5500000000000045,0.2129762232933903,0.398901563809705,0.3650033350397242,0.33449765024749534
0.6000000000000001,0.42500000000000004,0.35,0.5500000000000045,0.2129762232933903,0.40103246630240824,0.3692616821000754,0.3373406473394929
0.6000000000000001,0.4375,0.35,0.5500000000000045,0.2129762232933903,0.40314849268945596,0.3735066247586638,0.34016800291440674
0.6000000000000001,0.45,0.35,0.5500000000000045,0.2129762232933903,0.4052497830859638,0.3777382872689136,0.34297991194060534
0.6000000000000001,0.4625,0.35,0.5500000000000045,0.2129762232933903,0.40733647594890215,0.3819567924304817,0.34577656470395157
0.6000000000000001,0.47500000000000003,0.35,0.5500000000000045,0.2129762232933903,0.40940870810109636,0.38616226161012573,0.3485581470045889
0.6000000000000001,0.48750000000000004,0.35,0.5550555555555601,0.21060058571180054,0.4111942335971164,0.3900270237022769,0.35124391559613544
0.6000000000000001,0.5,0.35,0.5612777777777823,0.20761275146599995,0.4128343916468962,0.3937321019226441,0.35384325154504953
0.6000000000000001,0.5125000000000001,0.35,0.5672777777777823,0.20467157775634806,0.4144031946318185,0.39736548058212917,0.35637689550468793
0.6000000000000001,0.525,0.35,0.5730555555555603,0.20179007264439855,0.4159083915542297,0.40093408173789513,0.3588501203377638
0.6000000000000001,0.5375000000000001,0.35,0.5787222222222271,0.19892285866285558,0.4173455567612028,0.40443175699229217,0.3612617167716215
0.6000000000000001,0.55,0.35,0.5842777777777828,0.19607764598129693,0.41871831828391565,0.40786160585297354,0.3636139488545286
0.6000000000000001,0.5625,0.35,0.589611111111116,0.19331904805457242,0.42004485025133614,0.4112423676082927,0.3659177808604397
0.6000000000000001,0.5750000000000001,0.35,0.5949444444444492,0.19053816038285923,0.4213008987736854,0.41454737266199215,0.3681594373787583
0.6000000000000001,0.5875,0.35,0.6000555555555602,0.18785606035518815,0.4225202759258566,0.4178121614643618,0.37035958702910304
0.6000000000000001,0.6000000000000001,0.35,0.6052777777777822,0.18510209230762367,0.4236556908407703,0.4209861271176265,0.3724889019308659
0.6000000000000001,0.6125,0.35,0.6102777777777821,0.18245577246975786,0.42476144411654243,0.42412642948605145,0.3745817626046611
0.6000000000000001,0.625,0.35,0.615277777777782,0.17980319489802385,0.42580361998537747,0.4271969331629226,0.37661654535957995
0.6000000000000001,0.6375000000000001,0.35,0.6201666666666704,0.1772062655863855,0.4268037483569599,0.43022007927173667,0.37860745374138943
0.6000000000000001,0.65,0.35,0.6250000000000032,0.17463828881343363,0.42775391061616863,0.4331873334111414,0.3805493582760642
0.6000000000000001,0.6625000000000001,0.35,0.629833333333336,0.17207204162042775,0.4286439145345038,0.43608789872335185,0.38243520412473775
0.6000000000000001,0.675,0.35,0.6346111111111133,0.16953932632728033,0.4294862306564706,0.4389347366018453,0.38427348572427406
0.6000000000000001,0.6875,0.35,0.6392777777777795,0.1670713027192066,0.43029540569482816,0.44174294630132216,0.38607458349259133
0.6000000000000001,0.7000000000000001,0.35,0.6439444444444457,0.16461088871283455,0.431047809367996,0.4444878036552907,0.38782188434749054
0.6000000000000001,0.7125,0.35,0.6486111111111118,0.1621598266758268,0.4317435105524703,0.44716939638407915,0.389515247533624
0.6000000000000001,0.7250000000000001,0.35,0.653277777777778,0.15971976174262079,0.43238258512326005,0.4497878445704878,0.3911545534224449
0.6000000000000001,0.7375,0.35,0.6577222222222219,0.15740753315944042,0.4330249236328205,0.4524054171126949,0.3927837483418833
0.6000000000000001,0.75,0.35,0.662277777777777,0.15505062735466554,0.43358392312044125,0.4549321468761943,0.394339438725548
0.6000000000000001,0.7625000000000001,0.35,0.6667222222222209,0.15276522291730885,0.4341204095554744,0.4574312786567148,0.39586647062728225
0.6000000000000001,0.775,0.35,0.6711666666666648,0.15049475111426097,0.4346045417776385,0.4598719305368945,0.39734276823744413
0.6000000000000001,0.7875000000000001,0.35,0.6754999999999977,0.14829646282172315,0.4350701737347629,0.4622892528145048,0.3987938673038165
0.6000000000000001,0.8,0.35,0.6798333333333305,0.14611427812885225,0.43548548811416404,0.46465040416574244,0.40019591701041385
0.6000000000000001,0.8125,0.35,0.6841666666666635,0.14394903199563266,0.43585053892607345,0.46695559608075826,0.4015488945391304
0.6000000000000001,0.8250000000000001,0.35,0.6883888888888853,0.1418563640282122,0.43620193000291835,0.46924274943464583,0.4028809270271702
0.6000000000000001,0.8375,0.35,0.6926111111111071,0.13978115134170352,0.43650497723869663,0.4714761988047345,0.40416556216272753
0.6000000000000001,0.8500000000000001,0.35,0.6967222222222177,0.13777793324511772,0.43679805310793773,0.47369562173234186,0.40543259848610524
0.6000000000000001,0.8625,0.35,0.7008333333333283,0.13579236976635398,0.4370446361984861,0.4758635456908089,0.40665389728747087
0.6000000000000001,0.875,0.35,0.704944444444439,0.1338250184281367,0.43724479788654497,0.4779802377919238,0.40782949494468257
0.6000000000000001,0.8875000000000001,0.35,0.7089444444444386,0.13192866492539698,0.43743943874135816,0.48008786863805114,0.4089915969252729
0.6000000000000001,0.9,0.35,0.712833333333327,0.13010219873950746,0.4376311254696253,0.4821891398751585,0.4101426034794398
0.6125,0.4,0.35,0.5500000000000045,0.2129762232933903,0.40078300894542246,0.36284264680878137,0.33429170436303457
0.6125,0.41250000000000003,0.35,0.5500000000000045,0.2129762232933903,0.40288850062641085,0.367077032757547,0.3371186876991206
0.6125,0.42500000000000004,0.35,0.5500000000000045,0.2129762232933903,0.4049794172758244,0.3712982870540892,0.33993018761608174
0.6125,0.4375,0.35,0.5500000000000045,0.2129762232933903,0.4070558950229062,0.37550653041339843,0.3427263982828775
0.6125,0.45,0.35,0.5500000000000045,0.2129762232933903,0.4091180684001836,0.379701882150559,0.34550750914931044
0.6125,0.4625,0.35,0.5500000000000045,0.2129762232933903,0.4111660703663571,0.38388446020065814,0.34827370514561906
0.6125,0.47500000000000003,0.35,0.5537222222222268,0.211231855358626,0.413001596754025,0.38781980065841026,0.3509689507580487
0.6125,0.48750000000000004,0.35,0.5602777777777823,0.20809741011557004,0.41460605440614473,0.3914963906163481,0.3535559010437087
0.6125,0.5,0.35,0.5663888888888935,0.20511075422582892,0.41614901724008885,0.3951138278625028,0.35607919669931704
0.6125,0.5125000000000001,0.35,0.5723888888888936,0.20212482443060667,0.41761492505993253,0.3986526480762145,0.35853467275678647
0.6125,0.525,0.35,0.5781666666666716,0.1992055676909562,0.41901954731826846,0.40212872413862544,0.3609309453127684
0.6125,0.5375000000000001,0.35,0.5837222222222272,0.1963635463877285,0.4203706183909027,0.40554907189654277,0.363273495874021
0.6125,0.55,0.35,0.5891666666666716,0.19354980663416907,0.4216610587187642,0.4089052338833612,0.3655592522517823
0.6125,0.5625,0.35,0.5945000000000048,0.19077061650380375,0.422894509944286,0.4122004109519188,0.3677906307569467
0.6125,0.5750000000000001,0.35,0.5997222222222268,0.18803141822548436,0.4240745624787894,0.41543782322633815,0.36997009523375163
0.6125,0.5875,0.35,0.6048333333333378,0.1853368835916614,0.4252047367181708,0.4186206869547258,0.37210013655789914
0.6125,0.6000000000000001,0.35,0.6099444444444488,0.18263242131133148,0.4262692423937551,0.42173218670131984,0.3741707744637032
0.6125,0.6125,0.35,0.6148333333333376,0.18003912472980663,0.42730897639784615,0.42481456795724865,0.3762086242360807
0.6125,0.625,0.35,0.6197222222222261,0.17744244285874744,0.42828762394791225,0.4278298067209102,0.3781902560055974
0.6125,0.6375000000000001,0.35,0.6246111111111144,0.1748448797999046,0.42920519059448664,0.43077777727875,0.38011536434110876
0.6125,0.65,0.35,0.6293888888888917,0.17230791170382823,0.4300854802102397,0.43368297935377464,0.3820000693473633
0.6125,0.6625000000000001,0.35,0.6341666666666689,0.1697746757763018,0.43090697647840015,0.43652304017532967,0.38382968109993726
0.6125,0.675,0.35,0.638833333333335,0.16730602226280866,0.4316956272423771,0.43932467733839764,0.3856222665331052
0.6125,0.6875,0.35,0.6435000000000012,0.1648448072964346,0.43242774357647845,0.44206338158086467,0.38736128279630655
0.6125,0.7000000000000001,0.35,0.6480555555555563,0.16245107439903145,0.43313132061636017,0.44476798642643756,0.38906668081131657
0.6125,0.7125,0.35,0.6526111111111114,0.16006760940355036,0.4337805431287476,0.44741188412087407,0.3907200797350863
0.6125,0.7250000000000001,0.35,0.6571666666666663,0.15769586638146432,0.4343754826387552,0.4499951919738862,0.3923213778450563
0.6125,0.7375,0.35,0.6616111111111104,0.15539466084011536,0.434947144233383,0.4525498319926612,0.3938933031510203
0.6125,0.75,0.35,0.6660555555555543,0.15310710609855668,0.4354666423792516,0.45504616118277613,0.39541477081177023
0.6125,0.7625000000000001,0.35,0.6703888888888871,0.150890980397718,0.4359668640145594,0.4575180247756069,0.39691027584798527
0.6125,0.775,0.35,0.67472222222222,0.14868989442033384,0.43641697360261794,0.45993384301395207,0.3983569828105892
0.6125,0.7875000000000001,0.35,0.6790555555555529,0.14650475573185526,0.43681702934688565,0.46229380233363115,0.3997548581477297
0.6125,0.8,0.35,0.6832777777777747,0.14439179242236003,0.43720268062015527,0.46463454509511076,0.4011309929895869
0.6125,0.8125,0.35,0.6874999999999964,0.14229547347025542,0.437540214431824,0.46692165338377856,0.40245995359932146
0.6125,0.8250000000000001,0.35,0.6916666666666628,0.14024378966175877,0.43784840645975187,0.4691744745712816,0.4037561451422938
0.6125,0.8375,0.35,0.6958333333333289,0.13820955480775263,0.43810945747775415,0.4713749685614901,0.4050059819401301
0.6125,0.8500000000000001,0.35,0.6998333333333284,0.1362736845272561,0.43838214558646044,0.47358328190060367,0.4062551107999603
0.6125,0.8625,0.35,0.7039444444444392,0.13430187361101162,0.4385704197658653,0.475701536656158,0.40742914827883403
0.6125,0.875,0.35,0.7078333333333275,0.13245361650221052,0.43879421405741836,0.47785218256511003,0.4086216942959319
0.6125,0.8875000000000001,0.35,0.7118333333333271,0.13057021412185243,0.4389336352971496,0.4799132084641174,0.4097391728102526
0.6125,0.9,0.35,0.7156666666666601,0.12878240734867544,0.43909243718588875,0.48199038289479046,0.4108631511053073
0.625,0.4,0.35,0.5500000000000045,0.2129762232933903,0.404795139436782,0.36494007310050225,0.3369304076875227
0.625,0.41250000000000003,0.35,0.5500000000000045,0.2129762232933903,0.4068606202980514,0.36913734351685373,0.33972585886840173
0.625,0.42500000000000004,0.35,0.5500000000000045,0.2129762232933903,0.40891196055608553,0.37332187326747196,0.3425061788496662
0.625,0.4375,0.35,0.5500000000000045,0.2129762232933903,0.4109492908386377,0.37749377820050173,0.3452715562213764
0.625,0.45,0.35,0.5500000000000045,0.2129762232933903,0.412972740259096,0.3816531728362369,0.3480221750228245
0.625,0.4625,0.35,0.5520555555555601,0.21201623550886756,0.4148747211257658,0.38567491459581665,0.3507295415519053
0.625,0.47500000000000003,0.35,0.558944444444449,0.2087410229906861,0.41644889267314644,0.38932866140441186,0.3533085230833288
0.625,0.48750000000000004,0.35,0.5653888888888935,0.2056034354422661,0.41795186475858126,0.39291439563357855,0.3558165820635243
0.625,0.5,0.35,0.5715000000000048,0.20257023379195196,0.41939037007755303,0.39643649018149973,0.35826086910318994
0.625,0.5125000000000001,0.35,0.5773888888888938,0.199600865450298,0.4207648158710575,0.39989351428348985,0.36064389293044574
0.625,0.525,0.35,0.5830555555555607,0.19670623943192708,0.4220830743916593,0.4032924829056916,0.3629711671599619
0.625,0.5375000000000001,0.35,0.5886111111111161,0.1938381103463387,0.4233382799049651,0.4066252414827155,0.3652397855346735
0.625,0.55,0.35,0.5939444444444493,0.19106108203302152,0.4245499414714909,0.4099113289354781,0.3674616332441953
0.625,0.5625,0.35,0.5992777777777825,0.1882651401126157,0.42569138101419696,0.41312250728913796,0.36962129380869296
0.625,0.5750000000000001,0.35,0.6043888888888934,0.18557166572185466,0.4267989776431802,0.4162958740022858,0.3717411997773693
0.625,0.5875,0.35,0.6093888888888933,0.18292677194748788,0.4278604335404828,0.4194182867287228,0.3738144045839771
0.625,0.6000000000000001,0.35,0.6143888888888931,0.1802750911011807,0.42885871898625133,0.4224719623036128,0.3758300354092984
0.625,0.6125,0.35,0.6193333333333372,0.17764905929121633,0.4298046592792343,0.42546779256829004,0.3777949417054393
0.625,0.625,0.35,0.6242777777777812,0.1750219619243251,0.43068863311055694,0.42839574403368785,0.37970260675707135
0.625,0.6375000000000001,0.35,0.6289444444444473,0.1725437830584067,0.43157021455475547,0.4313165490795908,0.3815935313136545
0.625,0.65,0.35,0.6337222222222245,0.1700101380855538,0.4323705290827981,0.4341494555232239,0.3834142544393685
0.625,0.6625000000000001,0.35,0.6383888888888907,0.16754087071575705,0.4331382672741379,0.43694412421304385,0.3851980945754969
0.625,0.675,0.35,0.6430000000000012,0.16510812521808138,0.4338631715869322,0.4396900108034595,0.3869381306674761
0.625,0.6875,0.35,0.6476111111111119,0.1626841830689629,0.43453289224274394,0.4423744915394793,0.3886256101273742
0.625,0.7000000000000001,0.35,0.6520555555555558,0.16035767499077133,0.4351909250057223,0.44504188234993247,0.3902917446907644
0.625,0.7125,0.35,0.6566111111111109,0.1579844531862599,0.43576699718243567,0.44762059986111336,0.39188603010952033
0.625,0.7250000000000001,0.35,0.6609999999999993,0.15571029123537952,0.43633549904358115,0.4501864419917319,0.3934623729278851
0.625,0.7375,0.35,0.6653888888888877,0.1534493223908332,0.4368530776790675,0.4526953103801858,0.3949893708916475
0.625,0.75,0.35,0.6697222222222206,0.15123096746398484,0.4373361948510965,0.4551640265899493,0.3964791645929916
0.625,0.7625000000000001,0.35,0.6740555555555534,0.14902750704083684,0.4377694625074991,0.45757702719070725,0.3979203781974942
0.625,0.775,0.35,0.6782777777777752,0.1468957472301407,0.4381876093529601,0.4599696996010784,0.399339095768084
0.625,0.7875000000000001,0.35,0.6826111111111081,0.14472432793664514,0.43852229631273404,0.4622727454910411,0.4006839211263916
0.625,0.8,0.35,0.6867222222222188,0.14268037515203597,0.4388803025760777,0.464594688562336,0.40203571351781137
0.625,0.8125,0.35,0.6908333333333294,0.14065272744203638,0.4391922984808557,0.4668652664825284,0.40334219768371543
0.625,0.8250000000000001,0.35,0.6949444444444401,0.13864204973995614,0.43945836369625296,0.46908470845865696,0.40460339513046006
0.625,0.8375,0.35,0.6989444444444397,0.13670244234033185,0.43971758910802256,0.47129276846381846,0.40584951402583436
0.625,0.8500000000000001,0.35,0.7029444444444393,0.13477982347074724,0.43993265106707335,0.47345177846675257,0.40705194923738497
0.625,0.8625,0.35,0.7069444444444388,0.1328746164559154,0.4401035739819058,0.47556194735544616,0.4082107104384212
0.625,0.875,0.35,0.7108333333333272,0.13103936886643838,0.4402719874504896,0.4776655163526832,0.4093583974497593
0.625,0.8875000000000001,0.35,0.7146111111111046,0.12927302467123564,0.44044042894439683,0.47976512977976027,0.4104973754414248
0.625,0.9,0.35,0.718499999999993,0.12747187130281254,0.44052481834268,0.48177611695862005,0.41156169674568893
0.6375000000000001,0.4,0.35,0.5500000000000045,0.2129762232933903,0.40879217306499344,0.3670238593604346,0.3395550707394843
0.6375000000000001,0.41250000000000003,0.35,0.5500000000000045,0.2129762232933903,0.41081805583648345,0.371184385388424,0.34231930858920173
0.6375000000000001,0.42500000000000004,0.35,0.5500000000000045,0.2129762232933903,0.4128302241472695,0.3753325543840419,0.3450687618000398
0.6375000000000001,0.4375,0.35,0.5500000000000045,0.2129762232933903,0.4148288032860991,0.3794684774712906,0.3478036134949887
0.6375000000000001,0.45,0.35,0.5500555555555601,0.21295038840533737,0.4168110790254852,0.38358901272517865,0.3505233479318491
0.6375000000000001,0.4625,0.35,0.5573333333333379,0.20951465309767522,0.4183574568341543,0.38722199014207187,0.3530979035778173
0.6375000000000001,0.47500000000000003,0.35,0.5640555555555601,0.20625799792611788,0.41982948151421984,0.3907857010336596,0.35559650333933446
0.6375000000000001,0.48750000000000004,0.35,0.5703888888888936,0.20312561130449672,0.421234327376749,0.39428418401498416,0.3580279366490175
0.6375000000000001,0.5,0.35,0.5765000000000049,0.20005171772998115,0.42256926195837236,0.3977124419805574,0.36039370665304526
0.6375000000000001,0.5125000000000001,0.35,0.5822777777777828,0.19710550295196647,0.4238557415090866,0.4010912866530184,0.3627067261445714
0.6375000000000001,0.525,0.35,0.5879444444444494,0.19418370299581983,0.425076636219702,0.4044018573425334,0.36495918649209935
0.6375000000000001,0.5375000000000001,0.35,0.5933888888888937,0.19135130865038968,0.4262515555251928,0.407663479374742,0.3671628936691424
0.6375000000000001,0.55,0.35,0.5987222222222269,0.18855714682743993,0.4273709739774631,0.41086572480710176,0.36931304734587383
0.6375000000000001,0.5625,0.35,0.603944444444449,0.18580633703519345,0.42843854222441197,0.4140118155425654,0.3714121632586615
0.6375000000000001,0.5750000000000001,0.35,0.6089444444444488,0.18316219243548856,0.429477242113705,0.4171246285808197,0.37347516483940724
0.6375000000000001,0.5875,0.35,0.6139444444444487,0.1805109945634446,0.43045297927530823,0.4201692451452327,0.3754808496176635
0.6375000000000001,0.6000000000000001,0.35,0.6189444444444484,0.17785567908795588,0.43136577957956346,0.4231454821592779,0.3774288679850203
0.6375000000000001,0.6125,0.35,0.6237222222222256,0.1753171136665743,0.43226123138734246,0.4260992139043929,0.3793494711780291
0.6375000000000001,0.625,0.35,0.628611111111114,0.17272070694764258,0.43307445620836343,0.42896470777229867,0.38119946962165113
0.6375000000000001,0.6375000000000001,0.35,0.6332777777777802,0.1702456184727147,0.43387702595670774,0.4318141153636833,0.38302727615444704
0.6375000000000001,0.65,0.35,0.6379444444444463,0.16777575448097626,0.43462346475784386,0.4346014206466074,0.3848021382038629
0.6375000000000001,0.6625000000000001,0.35,0.6425000000000013,0.165371495032117,0.4353408114429244,0.4373538410721507,0.3865428710624847
0.6375000000000001,0.675,0.35,0.6470555555555564,0.1629757047043534,0.43600425321947534,0.44004630168913633,0.3882321941385732
0.6375000000000001,0.6875,0.35,0.6516111111111115,0.16058985165393058,0.4366138325444203,0.4426788439067193,0.3898699673884865
0.6375000000000001,0.7000000000000001,0.35,0.6559999999999998,0.15830208481433897,0.43721459695563974,0.4452968842020701,0.3914886153833057
0.6375000000000001,0.7125,0.35,0.6603888888888882,0.1560261858419601,0.4377646257276695,0.4478581848567645,0.39305820844603573
0.6375000000000001,0.7250000000000001,0.35,0.6648333333333322,0.15373472590347867,0.4382480238404415,0.4503467873637787,0.39456695183759083
0.6375000000000001,0.7375,0.35,0.669055555555554,0.1515713071857603,0.43874555103951024,0.4528441092840438,0.3960742253973715
0.6375000000000001,0.75,0.35,0.6733888888888868,0.14936549402281524,0.4391615992377652,0.4552539202607041,0.3975097121920889
0.6375000000000001,0.7625000000000001,0.35,0.6776111111111086,0.14723130991657474,0.4395628019394666,0.45764342297663635,0.3989227873955624
0.6375000000000001,0.775,0.35,0.6818333333333303,0.1451127806611738,0.43991637710764375,0.45997971429779355,0.40028913610766415
0.6375000000000001,0.7875000000000001,0.35,0.6859444444444411,0.143065834902009,0.4402588888403693,0.4622996916806731,0.40163641103989217
0.6375000000000001,0.8,0.35,0.6899999999999963,0.14106240562565395,0.44057432775816,0.46458736269122136,0.402952812388279
0.6375000000000001,0.8125,0.35,0.6940555555555513,0.13907533512948286,0.44084496287321195,0.4668250239434065,0.4042249380049035
0.6375000000000001,0.8250000000000001,0.35,0.6980555555555509,0.13713201367482794,0.44109034803643543,0.4690324749507019,0.40546780733154714
0.6375000000000001,0.8375,0.35,0.7020555555555504,0.13520558171491762,0.44129184795355625,0.4711911411363009,0.40666720240707344
0.6375000000000001,0.8500000000000001,0.35,0.7059444444444389,0.13334926404692005,0.4414902299042579,0.4733420989909871,0.4078547581260613
0.6375000000000001,0.8625,0.35,0.7098333333333273,0.13150965776053136,0.441646435247021,0.47544629390847143,0.40900041865835296
0.6375000000000001,0.875,0.35,0.7136666666666603,0.12971308091252456,0.4417817084688325,0.47752518758427925,0.4101208034258263
0.6375000000000001,0.8875000000000001,0.35,0.7174999999999931,0.12793333790671588,0.44187564196208456,0.4795585054743809,0.4112000865221181
0.6375000000000001,0.9,0.35,0.7212777777777706,0.1261962003085403,0.44195028790562146,0.4815684946341286,0.4122556543301325
0.65,0.4,0.35,0.5500000000000045,0.2129762232933903,0.412774246407146,0.3690941268213434,0.3421658397720139
0.65,0.41250000000000003,0.35,0.5500000000000045,0.2129762232933903,0.4147609387300053,0.37321827510669164,0.34489917904460893
0.65,0.42500000000000004,0.35,0.5500000000000045,0.2129762232933903,0.41673433460333664,0.3773304427755006,0.3476180746592244
0.65,0.4375,0.35,0.5500000000000045,0.2129762232933903,0.41869455413502654,0.3814307363665484,0.3503227043829194
0.65,0.45,0.35,0.5553888888888934,0.21044225537289013,0.4203333202794937,0.3851774940685552,0.35292334853406265
0.65,0.4625,0.35,0.5625000000000046,0.20701813842200578,0.421771469757874,0.388715665890094,0.3554134472392463
0.65,0.47500000000000003,0.35,0.5690555555555602,0.20378982100936804,0.42314604486921625,0.3921940463456961,0.3578348630207394
0.65,0.48750000000000004,0.35,0.5753888888888937,0.2006140671511109,0.42444452502395624,0.3955969018304009,0.3601860554284174
0.65,0.5,0.35,0.581388888888894,0.1975610686349975,0.42568859643445583,0.39894488026676267,0.3624798818493841
0.65,0.5125000000000001,0.35,0.5870555555555605,0.1946439180716179,0.42689065882206256,0.40224912921116823,0.36472540267507747
0.65,0.525,0.35,0.5926666666666714,0.1917282835703956,0.42802315987870737,0.4054808211482751,0.36690838440510665
0.65,0.5375000000000001,0.35,0.5980555555555602,0.18890733543014188,0.4291135095627884,0.40866693374561364,0.36904516363445367
0.65,0.55,0.35,0.6032777777777824,0.1861581935638451,0.4301600555301622,0.4118051861386672,0.37113571158753667
0.65,0.5625,0.35,0.6085000000000044,0.18339752434237638,0.43113911758174617,0.4148714325337514,0.37316565682885666
0.65,0.5750000000000001,0.35,0.6135000000000043,0.18074683298391606,0.4320919075433688,0.41790656214483496,0.37516114913866005
0.65,0.5875,0.35,0.6183888888888929,0.1781508291217359,0.43300367342597784,0.4208955071130993,0.3771134674723222
0.65,0.6000000000000001,0.35,0.6232777777777813,0.1755532464052211,0.4338550101196182,0.42381867382529365,0.37900999660318835
0.65,0.6125,0.35,0.6280555555555585,0.173015616729051,0.4346698740820702,0.4266998051707913,0.3808666070524604
0.65,0.625,0.35,0.6328333333333357,0.1704811151576463,0.4354266278161618,0.4295171724642782,0.3826688313776966
0.65,0.6375000000000001,0.35,0.6373888888888908,0.1680694495718335,0.43617738167451064,0.4323226550009114,0.3844524711142626
0.65,0.65,0.35,0.6420555555555569,0.1656057400627143,0.43684736095996685,0.43504158924161046,0.38616616703032053
0.65,0.6625000000000001,0.35,0.646611111111112,0.16320902896665604,0.43748964689929065,0.43772688293176365,0.38784664838750693
0.65,0.675,0.35,0.6510555555555559,0.16088022552513204,0.4381073607122312,0.44038162944398157,0.38949650727576324
0.65,0.6875,0.35,0.6554999999999999,0.15856211502506554,0.4386735297782585,0.4429789261237889,0.3910967270803827
0.65,0.7000000000000001,0.35,0.6599444444444439,0.15625608318929485,0.43918826420343215,0.4455188985044272,0.39264724252576816
0.65,0.7125,0.35,0.6642777777777767,0.15402041314149884,0.4396835436561258,0.44803349716799323,0.39417129066503387
0.65,0.7250000000000001,0.35,0.6684999999999984,0.15185516227335544,0.44016228072460584,0.45052568590065545,0.39567140297194203
0.65,0.7375,0.35,0.6727222222222202,0.14970385212350268,0.4405935819380699,0.45296470823349866,0.3971250898332065
0.65,0.75,0.35,0.676944444444442,0.1475672636763732,0.44097746719645287,0.45535067612937824,0.39853229155425074
0.65,0.7625000000000001,0.35,0.6810555555555526,0.14550184518569978,0.4413495830544505,0.45771924409910464,0.3999196626678619
0.65,0.775,0.35,0.6851666666666634,0.14345184835637922,0.44167618717819174,0.46003686249311865,0.40126216135817805
0.65,0.7875000000000001,0.35,0.6892777777777741,0.14141800299075638,0.44195736588070533,0.46230373372446937,0.40255980086388776
0.65,0.8,0.35,0.6932777777777737,0.1394551253590889,0.44223132046964636,0.46455808146998573,0.4038416568419032
0.65,0.8125,0.35,0.6972777777777732,0.13750857307014894,0.44246163748382195,0.46676373198060706,0.40508024405381365
0.65,0.8250000000000001,0.35,0.7011666666666616,0.13563217001630232,0.44268821443181844,0.4689605843039785,0.406306232943146
0.65,0.8375,0.35,0.7050555555555501,0.1337721023549408,0.44287291974791576,0.47111077700936127,0.4074905514141893
0.65,0.8500000000000001,0.35,0.7089444444444386,0.13192866492539698,0.4430157300808391,0.47321446263396016,0.40863318199187
0.65,0.8625,0.35,0.7127222222222159,0.1301541684825829,0.44315901196112806,0.4753139574721676,0.4097671213558139
0.65,0.875,0.35,0.7164999999999933,0.12839597104580167,0.44326205274599356,0.4773689034199831,0.41086092546148006
0.65,0.8875000000000001,0.35,0.7202777777777707,0.12665440396205796,0.4433249070241082,0.47937952906649395,0.41191464324671107
0.65,0.9,0.35,0.723944444444437,0.12498011565825658,0.44339224233144486,0.4813903853117488,0.4129634663353791
0.6625000000000001,0.4,0.35,0.5500000000000045,0.2129762232933903,0.41674149446304926,0.3711509953325691,0.34476285839467424
0.6625000000000001,0.41250000000000003,0.35,0.5500000000000045,0.2129762232933903,0.4186893989648891,0.3752391280884768,0.3474656098547682
0.6625000000000001,0.42500000000000004,0.35,0.5500000000000045,0.2129762232933903,0.42062441704839654,0.3793156495590627,0.3501542531359331
0.6625000000000001,0.4375,0.35,0.5530555555555601,0.21154624226111018,0.42237664129401453,0.3831948974734111,0.3527830530910653
0.6625000000000001,0.45,0.35,0.5606111111111157,0.20793604087169856,0.4237847853013715,0.3867109511801172,0.35526930014025904
0.6625000000000001,0.4625,0.35,0.5676111111111157,0.20450659100013102,0.42511448076174224,0.39015398157998643,0.3576758578427093
0.6625000000000001,0.47500000000000003,0.35,0.5740555555555603,0.20128689221659077,0.42638988085669366,0.39354518563787455,0.3600199155401186
0.6625000000000001,0.48750000000000004,0.35,0.5802777777777828,0.19812939257781725,0.4275945328929426,0.39686563301059985,0.36229721675172843
0.6625000000000001,0.5,0.35,0.5862777777777828,0.19504605291139712,0.42873696462473737,0.40012261974229807,0.3645135857470097
0.6625000000000001,0.5125000000000001,0.35,0.5919444444444493,0.19210490475367428,0.4298412031877718,0.403338995570869,0.36668399867082985
0.6625000000000001,0.525,0.35,0.5973888888888936,0.18925727729921288,0.43090210745726243,0.40650873403305693,0.3688072437238765
0.6625000000000001,0.5375000000000001,0.35,0.6027222222222268,0.1864512647024439,0.43190902764887384,0.4096206788678247,0.3708777837289029
0.6625000000000001,0.55,0.35,0.6079444444444488,0.1836916818415116,0.4328656686835711,0.412678049785806,0.37289818126197427
0.6625000000000001,0.5625,0.35,0.6129444444444487,0.18104165561416186,0.43379626662383786,0.415704390783491,0.37488420903064046
0.6625000000000001,0.5750000000000001,0.35,0.6179444444444485,0.17838693506163686,0.43466434969612083,0.4186634123124234,0.3768130870873807
0.6625000000000001,0.5875,0.35,0.6228333333333368,0.17578935530066597,0.43549281780728094,0.4215774785244819,0.3786996067755833
0.6625000000000001,0.6000000000000001,0.35,0.6276111111111141,0.17325157557685084,0.4362851079369754,0.42444978646957954,0.38054638653416145
0.6625000000000001,0.6125,0.35,0.6322777777777803,0.17077562032838683,0.4370445123609838,0.427283445943991,0.38235599909423124
0.6625000000000001,0.625,0.35,0.6369444444444464,0.16830447605682222,0.4377482529351789,0.4300558873109203,0.38411313400713454
0.6625000000000001,0.6375000000000001,0.35,0.6416111111111126,0.16584003332222677,0.438396408523609,0.4327671048502475,0.3858176193028559
0.6625000000000001,0.65,0.35,0.6460555555555565,0.16350081564131225,0.4390452508299879,0.4354725693977001,0.38750874682498676
0.6625000000000001,0.6625000000000001,0.35,0.6506111111111116,0.1611126454567419,0.43961367013341335,0.4380922250874236,0.38912997548030126
0.6625000000000001,0.675,0.35,0.6549444444444444,0.15885127303161187,0.4401889370295716,0.4407122086270458,0.3907429794852393
0.6625000000000001,0.6875,0.35,0.6592777777777773,0.15660117722151146,0.44071493398611866,0.4432771499395435,0.3923082322639766
0.6625000000000001,0.7000000000000001,0.35,0.6636111111111102,0.15436349967978502,0.4411917292831411,0.4457871417519328,0.39382566112489115
0.6625000000000001,0.7125,0.35,0.667944444444443,0.15213931429253288,0.4416193937501931,0.44824229961150475,0.39529520745701796
0.6625000000000001,0.7250000000000001,0.35,0.6720555555555536,0.15004257806523452,0.4420656022803046,0.45070957146958945,0.3967666133138709
0.6625000000000001,0.7375,0.35,0.6762777777777754,0.14790360545021788,0.44243179944077804,0.4530916410472831,0.3981677119856989
0.6625000000000001,0.75,0.35,0.680388888888886,0.14583574621654638,0.44278650964964844,0.4554563289097569,0.3995490628128371
0.6625000000000001,0.7625000000000001,0.35,0.6844999999999968,0.14378319882022533,0.44309597874800327,0.4577703763091708,0.4008857526650117
0.6625000000000001,0.775,0.35,0.6884999999999963,0.14180149986772556,0.4433976166193523,0.4600708760638721,0.4022059431736305
0.6625000000000001,0.7875000000000001,0.35,0.6924999999999959,0.13983550675463033,0.4436558561968766,0.4623227908242261,0.4034830750177714
0.6625000000000001,0.8,0.35,0.6964999999999955,0.13788574196673337,0.44387073384183984,0.4645262899943899,0.4047171464885929
0.6625000000000001,0.8125,0.35,0.700388888888884,0.13600618065599868,0.4440821705734434,0.46672096660875145,0.4059386918622731
0.6625000000000001,0.8250000000000001,0.35,0.7042777777777725,0.13414279994734754,0.4442519720328917,0.46886921882205557,0.40711874599919445
0.6625000000000001,0.8375,0.35,0.7080555555555498,0.1323485354421849,0.4444216763122012,0.47101223007265425,0.4082893735488441
0.6625000000000001,0.8500000000000001,0.35,0.7118333333333271,0.13057021412185243,0.44455141051606717,0.47311075952945514,0.4094200553011045
0.6625000000000001,0.8625,0.35,0.7156111111111045,0.12880820039178284,0.44464123255533416,0.4751650221924493,0.41051083583287423
0.6625000000000001,0.875,0.35,0.7192777777777708,0.12711378604933984,0.4447349847684775,0.4772184586793882,0.4115959788275806
0.6625000000000001,0.8875000000000001,0.35,0.7229444444444371,0.12543515727499113,0.4447903831067864,0.47922948918894215,0.41264271632494526
0.6625000000000001,0.9,0.35,0.7266111111111033,0.12377251251086574,0.4448074282812966,0.4811982972955531,0.4136510691288237
0.675,0.4,0.35,0.5500000000000045,0.2129762232933903,0.4206940506777157,0.3731945833795864,0.3473462676600055
0.675,0.41250000000000003,0.35,0.5500000000000045,0.2129762232933903,0.42260356504655516,0.3772470584514037,0.35001873816021484
0.675,0.42500000000000004,0.35,0.5500555555555601,0.21295038840533737,0.42449763612186364,0.38128508758628465,0.35267671956462654
0.675,0.4375,0.35,0.5583888888888935,0.20900830224961228,0.4258664488298532,0.3847677740466809,0.35516132440104065
0.675,0.45,0.35,0.5657222222222268,0.20543937398284587,0.4271681980578955,0.38819253067177845,0.3575631576276134
0.675,0.4625,0.35,0.5726111111111158,0.2020133036252168,0.42839302041716837,0.3915441370065113,0.35988854578217816
0.675,0.47500000000000003,0.35,0.5790555555555605,0.19875304971713137,0.42956006733065594,0.39483917188343864,0.3621510082449899
0.675,0.48750000000000004,0.35,0.5851666666666717,0.19561957343758937,0.430673101048948,0.3980795066108922,0.3643558013216474
0.675,0.5,0.35,0.5909444444444493,0.1926257514688843,0.43174494661920393,0.4012764617083247,0.3665122603884233
0.675,0.5125000000000001,0.35,0.5966111111111159,0.1896652205959665,0.43275386320599984,0.40440783815791004,0.368609414770029
0.675,0.525,0.35,0.6019444444444491,0.18686133777378036,0.43374022988401656,0.40751244348303384,0.3706719948921123
0.675,0.5375000000000001,0.35,0.6072777777777822,0.1840445063718504,0.43465705819207295,0.41054389538278485,0.3726725285103332
0.675,0.55,0.35,0.6123888888888932,0.1813363878291459,0.4355456398971859,0.4135420741053519,0.3746367469975118
0.675,0.5625,0.35,0.617388888888893,0.17868204665814608,0.4363913550449437,0.4164924113646096,0.3765561773832278
0.675,0.5750000000000001,0.35,0.6222777777777814,0.17608457177205428,0.43719770469695096,0.4193980757963687,0.37843341779570194
0.675,0.5875,0.35,0.6270555555555586,0.17354655999339885,0.43796810598196817,0.42226220954877314,0.38027106155184665
0.675,0.6000000000000001,0.35,0.6318333333333358,0.17101121763797286,0.4386808529815274,0.4250635151641206,0.3820548005831863
0.675,0.6125,0.35,0.636500000000002,0.16853953252279102,0.4393621516442746,0.4278274161074807,0.383802263857667
0.675,0.625,0.35,0.641055555555557,0.16613300813648155,0.44001523908708784,0.4305570031047137,0.38551604221003366
0.675,0.6375000000000001,0.35,0.6456111111111121,0.16373434835255868,0.4406151207085902,0.4332278454239202,0.3871790729985382
0.675,0.65,0.35,0.650055555555556,0.16140331918607756,0.441191018812004,0.43586843616240717,0.38881174760071524
0.675,0.6625000000000001,0.35,0.6543888888888889,0.1591405871429283,0.441745972718666,0.4384817644405512,0.39041660719367693
0.675,0.675,0.35,0.6587222222222218,0.15688898037163995,0.4422519107559927,0.4410404218628273,0.3919739339709331
0.675,0.6875,0.35,0.6630555555555546,0.15464964932194267,0.4427089042408958,0.4435444924423912,0.39348365434230326
0.675,0.7000000000000001,0.35,0.6672777777777764,0.15248057735539072,0.4431499390541786,0.446026293086365,0.394969645981241
0.675,0.7125,0.35,0.6714999999999981,0.15032510030609625,0.4435440253421342,0.44845557188341706,0.39640961717768386
0.675,0.7250000000000001,0.35,0.6756111111111088,0.14824033214474033,0.4439259865384957,0.45086649408534063,0.39782914959384136
0.675,0.7375,0.35,0.6797222222222195,0.14617005070499522,0.44426292485192836,0.4532269451702597,0.39920425295719
0.675,0.75,0.35,0.6838333333333302,0.14411497001587092,0.4445548917310641,0.45553706684196393,0.4005349059340106
0.675,0.7625000000000001,0.35,0.6878333333333297,0.142130707037231,0.4448393173105601,0.4578336447896861,0.40184913882748524
0.675,0.775,0.35,0.6918333333333293,0.14016205892618316,0.4450806195315098,0.46008193375707324,0.40312052172120955
0.675,0.7875000000000001,0.35,0.6957222222222178,0.13826359450920886,0.4453178896710998,0.46232037625543365,0.4043786564107385
0.675,0.8,0.35,0.6996111111111063,0.13638081422118714,0.44551377643740464,0.4645124988531474,0.4055954998488356
0.675,0.8125,0.35,0.7033888888888836,0.1345672665591931,0.4457089917936378,0.46669834866819465,0.4068021866188097
0.675,0.8250000000000001,0.35,0.7072777777777721,0.13271664756122623,0.4458230423671677,0.4687991619319642,0.40793725787675933
0.675,0.8375,0.35,0.710999999999994,0.13096111866586713,0.44595922663748566,0.470916348451216,0.4090800275203087
0.675,0.8500000000000001,0.35,0.7147222222222157,0.12922132049059248,0.446056551605277,0.47299027111558684,0.41018382904974626
0.675,0.8625,0.35,0.718388888888882,0.1275231116060194,0.44613693772938834,0.47504256879201096,0.4112657189848904
0.675,0.875,0.35,0.7220555555555482,0.12584063700978315,0.4461792534680584,0.47705269920717447,0.4123094049046064
0.675,0.8875000000000001,0.35,0.7256111111111034,0.1242243653649154,0.4462288762853728,0.47906525464148025,0.4133504408008043
0.675,0.9,0.35,0.7291666666666585,0.12262322427280017,0.44624193833369497,0.4810374416226263,0.41435473778419196
0.6875,0.4,0.35,0.5500000000000045,0.2129762232933903,0.4246320469634602,0.3752250081032294,0.34991620614561714
0.6875,0.41250000000000003,0.35,0.5500000000000045,0.2129762232933903,0.42650356402038525,0.3792421790320195,0.3525586987010103
0.6875,0.42500000000000004,0.35,0.5556111111111156,0.2103365891089782,0.428027478549801,0.3828970273973554,0.3550912051229102
0.6875,0.4375,0.35,0.5636111111111157,0.2064755781275879,0.4292847754126454,0.38628601971326376,0.3574852958457644
0.6875,0.45,0.35,0.5709444444444491,0.20284814550898417,0.4304644411465512,0.38960373538168197,0.35979657360686307
0.6875,0.4625,0.35,0.577611111111116,0.1994880026539791,0.4315974642871482,0.3928770030303244,0.3620472170776824
0.6875,0.47500000000000003,0.35,0.5839444444444495,0.19624922113928525,0.43266989381629145,0.3960898029358516,0.364235205929125
0.6875,0.48750000000000004,0.35,0.5899444444444494,0.1931458518726405,0.4336950705707057,0.399253699602521,0.3663701053318919
0.6875,0.5,0.35,0.5957222222222269,0.1901310013498962,0.4346687873479519,0.4023636058816822,0.36845137421495644
0.6875,0.5125000000000001,0.35,0.6012777777777824,0.18721261046493134,0.4355991631499284,0.40542662236828964,0.370484899066741
0.6875,0.525,0.35,0.6066111111111155,0.1843971877894364,0.4364940029999454,0.40844969404266523,0.3724764850097699
0.6875,0.5375000000000001,0.35,0.6117222222222265,0.1816899845628283,0.4373607822488474,0.41143958126825453,0.3744318234868789
0.6875,0.55,0.35,0.6168333333333375,0.17897709925164,0.4381631243084762,0.41436097432061453,0.37632858001664715
0.6875,0.5625,0.35,0.6217222222222258,0.17637976243092068,0.4389469764399413,0.4172578210074241,0.3781963009236365
0.6875,0.5750000000000001,0.35,0.6266111111111142,0.17378257408672007,0.43967112305039907,0.42009027226951756,0.3800087107777571
0.6875,0.5875,0.35,0.6312777777777804,0.17130584346110667,0.4403858520103821,0.42290659604297615,0.38179919996144346
0.6875,0.6000000000000001,0.35,0.6359444444444465,0.16883350571814743,0.4410453870163906,0.42566260264425443,0.3835376837766927
0.6875,0.6125,0.35,0.6406111111111127,0.16636747276525138,0.4416498121196719,0.42835825987226445,0.3852239838489103
0.6875,0.625,0.35,0.6450555555555566,0.1640263910807255,0.44225560244105855,0.4310480138679561,0.3868970276646768
0.6875,0.6375000000000001,0.35,0.6496111111111117,0.16163597560106727,0.4427813664044216,0.43365326675819893,0.38850080186546115
0.6875,0.65,0.35,0.6539444444444446,0.159372170290841,0.44331468215060416,0.4362586171779259,0.39009643172856784
0.6875,0.6625000000000001,0.35,0.6582777777777774,0.15711936835659193,0.4437992404420456,0.438809676724589,0.39164474753098294
0.6875,0.675,0.35,0.6624999999999991,0.15493598988291626,0.44426713481008534,0.44133753468542863,0.3931686602782518
0.6875,0.6875,0.35,0.6667222222222209,0.15276522291730885,0.444688315948433,0.44381314397040755,0.3946468380698067
0.6875,0.7000000000000001,0.35,0.6709444444444427,0.15060792971803452,0.4450628127872917,0.4462365761248218,0.39607920972391514
0.6875,0.7125,0.35,0.6750555555555533,0.1485212294994962,0.445425468295854,0.4486416926020074,0.39749123341274156
0.6875,0.7250000000000001,0.35,0.6791666666666639,0.14644891654642422,0.44574337014796217,0.45099666383306825,0.3988590387822585
0.6875,0.7375,0.35,0.6831666666666635,0.14444715922626425,0.44605311300330025,0.4533371082939281,0.40020972239090724
0.6875,0.75,0.35,0.6871666666666632,0.14246034804445262,0.44631996360524934,0.45562941628459713,0.4015177720319748
0.6875,0.7625000000000001,0.35,0.6910555555555516,0.14054362949451862,0.44658218406437183,0.4579108770463511,0.40281185866464114
0.6875,0.775,0.35,0.6949444444444401,0.13864204973995614,0.4468032655556509,0.46014614544876276,0.4040648581888472
0.6875,0.7875000000000001,0.35,0.6988333333333285,0.1367560673257641,0.44698323832913234,0.46233537118847445,0.40527677043620525
0.6875,0.8,0.35,0.7026666666666616,0.13491277717990277,0.44714250855977017,0.46449852435770056,0.4064631128715072
0.6875,0.8125,0.35,0.7064999999999944,0.13308540893252682,0.4472615359181854,0.4666167555908324,0.4076091446189476
0.6875,0.8250000000000001,0.35,0.7101666666666606,0.13135276910627178,0.44740378724353796,0.46875193288624406,0.4087636067242734
0.6875,0.8375,0.35,0.713944444444438,0.12958354847648926,0.4474652062700271,0.4708030031582467,0.4098468468793385
0.6875,0.8500000000000001,0.35,0.7176111111111043,0.12788203020084754,0.4475310862509059,0.472853082646846,0.410924522818201
0.6875,0.8625,0.35,0.7211666666666594,0.1262470297532556,0.4476037576046608,0.47490458365106836,0.4119988350169942
0.6875,0.875,0.35,0.7247222222222146,0.1246270188389461,0.4476402019976401,0.4769158203143701,0.4130366187171263
0.6875,0.8875000000000001,0.35,0.7282777777777698,0.12302209773771049,0.44764036928700524,0.4788869200935964,0.41403786259136505
0.6875,0.9,0.35,0.7317222222222138,0.12148188816701465,0.44765109664008096,0.4808635522829258,0.4150393477703508
0.7000000000000001,0.4,0.35,0.5500000000000045,0.2129762232933903,0.42855561372162365,0.3772423853185938,0.35247281003215786
0.7000000000000001,0.41250000000000003,0.35,0.5522777777777823,0.2119119585291409,0.4302594110844144,0.3810898277839687,0.355051996728815
0.7000000000000001,0.42500000000000004,0.35,0.5610555555555601,0.20772059579483923,0.4314795127963737,0.3844492247363451,0.3574471823552538
0.7000000000000001,0.4375,0.35,0.568833333333338,0.2039002493178461,0.43262389457268324,0.38774248680334844,0.3597521721963761
0.7000000000000001,0.45,0.35,0.5759444444444493,0.20033309179851402,0.43370554632567493,0.39097709662191,0.36198447868699085
0.7000000000000001,0.4625,0.35,0.5826111111111162,0.19693446268845474,0.4347269815651485,0.39415267619756966,0.3641512746708968
0.7000000000000001,0.47500000000000003,0.35,0.5887222222222271,0.19378047628946454,0.4357224975574087,0.3973002386362096,0.36627481301659714
0.7000000000000001,0.48750000000000004,0.35,0.594722222222227,0.1906544212287833,0.4366468099336021,0.40037534733953983,0.3683327634437741
0.7000000000000001,0.5,0.35,0.6003333333333379,0.1877098807308102,0.4375495003178359,0.40342442432017495,0.3703547811923377
0.7000000000000001,0.5125000000000001,0.35,0.6057222222222267,0.18486719453988845,0.43841540510206634,0.4064324080499983,0.37233382033939233
0.7000000000000001,0.525,0.35,0.6110555555555599,0.1820434853739461,0.43922122953122567,0.40937673443052075,0.37425633761009874
0.7000000000000001,0.5375000000000001,0.35,0.6161666666666709,0.1793311605330377,0.44000159679402984,0.41228995202509844,0.3761442418003069
0.7000000000000001,0.55,0.35,0.6211666666666703,0.17667492353382108,0.440740763568203,0.4151568455517505,0.3779883333583887
0.7000000000000001,0.5625,0.35,0.6260555555555587,0.17407762195111456,0.44144225913473795,0.4179805685746536,0.37979123935448866
0.7000000000000001,0.5750000000000001,0.35,0.6308333333333359,0.17154153288939097,0.44210949254111703,0.42076422009842745,0.38155556127953405
0.7000000000000001,0.5875,0.35,0.6355000000000021,0.16906869319747336,0.44274583928109346,0.4235109107148137,0.38328391534965567
0.7000000000000001,0.6000000000000001,0.35,0.6400555555555572,0.16666065699822752,0.4433545514276467,0.42622368202781397,0.3849788781073545
0.7000000000000001,0.6125,0.35,0.6446111111111122,0.16426012500705903,0.4439105448540171,0.42887855213216386,0.3866235510044715
0.7000000000000001,0.625,0.35,0.6490555555555562,0.1619269406515892,0.44444315293422715,0.43150349131381943,0.3882381416633065
0.7000000000000001,0.6375000000000001,0.35,0.653388888888889,0.1596618119170321,0.44495542690440804,0.4341014496385666,0.38982518069085403
0.7000000000000001,0.65,0.35,0.6577222222222219,0.15740753315944042,0.44541919696905163,0.4366454937785412,0.3913651242462428
0.7000000000000001,0.6625000000000001,0.35,0.6619999999999991,0.1551939327432844,0.44585057810155976,0.43915106905894324,0.3928693424481823
0.7000000000000001,0.675,0.35,0.6662777777777765,0.15299310785126444,0.44623455875748785,0.4416038178022285,0.39432718586284166
0.7000000000000001,0.6875,0.35,0.6703888888888871,0.150890980397718,0.4466220903661993,0.44405270718829676,0.3957754566367921
0.7000000000000001,0.7000000000000001,0.35,0.6744999999999978,0.14880236244349296,0.44696507994684476,0.44645166688018273,0.39717975022230323
0.7000000000000001,0.7125,0.35,0.6786111111111085,0.14672811348620118,0.44726362422871857,0.44880084046774404,0.3985400600253008
0.7000000000000001,0.7250000000000001,0.35,0.6826111111111081,0.14472432793664514,0.44755430026035226,0.4511355115179778,0.3998833346622161
0.7000000000000001,0.7375,0.35,0.6864999999999966,0.14279042033155637,0.44783973875832644,0.4534583609783493,0.4012119427877332
0.7000000000000001,0.75,0.35,0.690388888888885,0.140871150543369,0.4480843197882933,0.4557352083813891,0.4024996997992199
0.7000000000000001,0.7625000000000001,0.35,0.6942777777777736,0.13896693753987574,0.44828803654563093,0.45796615436209426,0.40374657443850304
0.7000000000000001,0.775,0.35,0.6981666666666619,0.13707824583965786,0.44845092158871114,0.46015134350574627,0.404952566802156
0.7000000000000001,0.7875000000000001,0.35,0.7019444444444394,0.1352588617449897,0.4486137383955771,0.4623302163069246,0.40614854546786605
0.7000000000000001,0.8,0.35,0.7057222222222167,0.13345489179895326,0.4487374075637688,0.4644652336042947,0.407305176588052
0.7000000000000001,0.8125,0.35,0.709388888888883,0.1317190624428039,0.4488642305229936,0.4665973555865358,0.4084547941468696
0.7000000000000001,0.8250000000000001,0.35,0.7130555555555492,0.12999837499321631,0.4489535307614911,0.46868747907153296,0.4095665749761716
0.7000000000000001,0.8375,0.35,0.7167222222222155,0.12829308721931423,0.44900531813668126,0.47073575969120407,0.41064053416417706
0.7000000000000001,0.8500000000000001,0.35,0.7202777777777707,0.12665440396205796,0.449064169048704,0.47278538162652806,0.41171116532252333
0.7000000000000001,0.8625,0.35,0.7238333333333258,0.1250305934756079,0.4490870257415932,0.4747949397112681,0.4127454340474351
0.7000000000000001,0.875,0.35,0.727388888888881,0.12342190240745285,0.44907393565256754,0.47676462942884545,0.4137433916635958
0.7000000000000001,0.8875000000000001,0.35,0.730833333333325,0.12187795979386488,0.4490716274282776,0.47873972116706476,0.41474158989659954
0.7000000000000001,0.9,0.35,0.7354861111111024,0.12000787620472568,0.4489920489798551,0.48059170796851364,0.4156800338682285
0.7125,0.4,0.35,0.5500000000000045,0.2129762232933903,0.4324648798639281,0.3792468295336195,0.35501621317743104
0.7125,0.41250000000000003,0.35,0.557944444444449,0.2092217420086601,0.43375448585463366,0.38268358165857264,0.3574466086248695
0.7125,0.42500000000000004,0.35,0.5663888888888935,0.20511075422582892,0.43485667206252654,0.3859449658277379,0.35974669231956835
0.7125,0.4375,0.35,0.5740000000000048,0.20131487359609926,0.4358887859045778,0.38914291310966204,0.3619641175125899
0.7125,0.45,0.35,0.5809444444444495,0.1977885512369126,0.4368713012391986,0.39229312171329,0.3641177346548377
0.7125,0.4625,0.35,0.5873888888888938,0.1944714154989992,0.43781126607786286,0.395399943981509,0.36621690119297123
0.7125,0.47500000000000003,0.35,0.5936111111111159,0.19123524291697055,0.4386877783508847,0.3984423241221625,0.3682531680498921
0.7125,0.48750000000000004,0.35,0.5993888888888935,0.18820671923430518,0.43954582552535154,0.4014615905096271,0.3702540324798784
0.7125,0.5,0.35,0.604944444444449,0.18527821763876257,0.44036317331317093,0.4044361715168953,0.3722087246352923
0.7125,0.5125000000000001,0.35,0.6102777777777821,0.18245577246975786,0.44114769147993316,0.40737297370132436,0.3741231036084168
0.7125,0.525,0.35,0.6155000000000042,0.17968517125478523,0.4418851239351563,0.41025827247579677,0.37598917144600313
0.7125,0.5375000000000001,0.35,0.6206111111111149,0.1769701474972936,0.4425792171409641,0.41309529756012026,0.37780960476942854
0.7125,0.55,0.35,0.6253888888888921,0.1744317191801344,0.4432817405038649,0.41593250079015476,0.37961844225741453
0.7125,0.5625,0.35,0.6302777777777805,0.1718362686731428,0.4439021451473358,0.4186846367203861,0.38135750083502995
0.7125,0.5750000000000001,0.35,0.6349444444444466,0.16936282524773005,0.4445159916992521,0.4214226545613052,0.3830764167129779
0.7125,0.5875,0.35,0.6396111111111128,0.16689528530577658,0.4450752048216028,0.424101212752408,0.3847436194082509
0.7125,0.6000000000000001,0.35,0.6440555555555567,0.16455241468974496,0.44563648071510015,0.42677375649931665,0.3863976820187017
0.7125,0.6125,0.35,0.6486111111111118,0.1621598266758268,0.4461181175243432,0.42936310682076284,0.3879831008205999
0.7125,0.625,0.35,0.6529444444444447,0.1598936538209516,0.4466080288611936,0.43195236056421205,0.38956046833521396
0.7125,0.6375000000000001,0.35,0.6572777777777775,0.15763820739875267,0.44704969440166015,0.4344880851000384,0.39109095943469957
0.7125,0.65,0.35,0.6614999999999992,0.15545200096845918,0.4474753276897036,0.43700084158684277,0.3925972996292008
0.7125,0.6625000000000001,0.35,0.665722222222221,0.1532781728344364,0.4478547723661926,0.4394620658640232,0.3940583335012052
0.7125,0.675,0.35,0.6698333333333316,0.15117425025007075,0.4482220154186072,0.44190411310001093,0.39549844430357123
0.7125,0.6875,0.35,0.6739444444444423,0.14908381229965334,0.4485450207018937,0.44429659778023156,0.39689481147865346
0.7125,0.7000000000000001,0.35,0.6779444444444419,0.14706347949930543,0.44885953263002343,0.4466736400059346,0.3982734550931831
0.7125,0.7125,0.35,0.6819444444444415,0.1450572764002666,0.4491316473180536,0.44900304512837547,0.39960989505278244
0.7125,0.7250000000000001,0.35,0.6859444444444411,0.143065834902009,0.449361413281864,0.45128493233188777,0.40090411521512814
0.7125,0.7375,0.35,0.6898333333333295,0.141144397116692,0.449587138996604,0.45355598379092893,0.4021845313278363
0.7125,0.75,0.35,0.6936666666666625,0.13926514914059424,0.44979185998111737,0.45580014375375005,0.40343888899779745
0.7125,0.7625000000000001,0.35,0.6974999999999953,0.13740089393644253,0.4499568420096346,0.4579996390889248,0.40465333041812673
0.7125,0.775,0.35,0.7012777777777728,0.13557882211386849,0.45010251582446925,0.4601741230528741,0.4058432391636259
0.7125,0.7875000000000001,0.35,0.704944444444439,0.1338250184281367,0.4502508119866706,0.46234474444379436,0.407025436243718
0.7125,0.8,0.35,0.7086666666666609,0.1320597757661613,0.450340715976633,0.4644532427135003,0.408153902891064
0.7125,0.8125,0.35,0.7122777777777716,0.13036209081731367,0.4504356454146002,0.4665604785202221,0.40927689395388533
0.7125,0.8250000000000001,0.35,0.7159444444444378,0.12865351604975808,0.4504722076276069,0.4686058855685971,0.41034618155722496
0.7125,0.8375,0.35,0.7194999999999929,0.12701157562276025,0.4505160976834023,0.4706525542041103,0.4114121760622109
0.7125,0.8500000000000001,0.35,0.7230555555555481,0.12538453830568835,0.4505243226585916,0.4726594384769052,0.41244203664903667
0.7125,0.8625,0.35,0.7264999999999922,0.1238226357698854,0.45054286287352674,0.47467077132083924,0.41347145371927907
0.7125,0.875,0.35,0.7299444444444363,0.12227503785146272,0.45052721125707756,0.47664404207695726,0.4144661673242255
0.7125,0.8875000000000001,0.35,0.7352916666666581,0.12019376028820708,0.4503844336398843,0.47842578900093724,0.4153676028337828
0.7125,0.9,0.35,0.7409027777777688,0.11809018858616832,0.4502626044276288,0.48020248591739945,0.4162777534174854
0.7250000000000001,0.4,0.35,0.5539444444444489,0.2111268736692068,0.436121694280555,0.381000740640704,0.3574823413536734
0.7250000000000001,0.41250000000000003,0.35,0.5635000000000046,0.20652988981941744,0.4371681017796163,0.3842156252730645,0.35978040982549037
0.7250000000000001,0.42500000000000004,0.35,0.5717222222222269,0.2024590041939803,0.43815049363741665,0.3873766818679936,0.3619864697089706
0.7250000000000001,0.4375,0.35,0.5791666666666716,0.19869638523276556,0.43907389339279196,0.3904827272384577,0.3641185153929938
0.7250000000000001,0.45,0.35,0.5859444444444495,0.19521823480921033,0.4399609575032058,0.39355194334889243,0.36619579320791473
0.7250000000000001,0.4625,0.35,0.5922777777777826,0.19193112808603927,0.4408079639836903,0.3965790518945968,0.3682214196359501
0.7250000000000001,0.47500000000000003,0.35,0.5982777777777825,0.18879063293800863,0.44161515530044454,0.3995631781639379,0.3701984153400114
0.7250000000000001,0.48750000000000004,0.35,0.6040000000000045,0.1857770021816682,0.44238575192500673,0.4025065634175155,0.37213056766644814
0.7250000000000001,0.5,0.35,0.6095000000000044,0.18286787553057393,0.443119663562386,0.4054085995311375,0.37401922027274936
0.7250000000000001,0.5125000000000001,0.35,0.6147222222222265,0.1800981434275829,0.44383560967540464,0.40828625546803227,0.3758770693850291
0.7250000000000001,0.525,0.35,0.6199444444444483,0.17732437102870147,0.4444854074791505,0.4110945947388835,0.377674807652356
0.7250000000000001,0.5375000000000001,0.35,0.6248333333333366,0.17472679747877085,0.44514157481087513,0.41390068470620417,0.37945893285538657
0.7250000000000001,0.55,0.35,0.629722222222225,0.17213102952135778,0.4457388168955873,0.41664377438718975,0.38118826809763523
0.7250000000000001,0.5625,0.35,0.6343888888888911,0.16965701012316062,0.4463298006923591,0.41937273169199113,0.38289751688094387
0.7250000000000001,0.5750000000000001,0.35,0.6390555555555573,0.16718866928683032,0.44686638673208556,0.42204267755084945,0.38455529020983825
0.7250000000000001,0.5875,0.35,0.6436111111111124,0.16478634250656432,0.4473770329203312,0.4246800721382389,0.38618070619153044
0.7250000000000001,0.6000000000000001,0.35,0.6480555555555563,0.16245107439903145,0.447864901082472,0.4272878813827652,0.38777632205990753
0.7250000000000001,0.6125,0.35,0.6523888888888891,0.16018361479357046,0.4483330541874496,0.4298690149751962,0.389344656962533
0.7250000000000001,0.625,0.35,0.656722222222222,0.15792672615665931,0.4487532143307192,0.43239700125019476,0.3908663344355392
0.7250000000000001,0.6375000000000001,0.35,0.6609999999999993,0.15571029123537952,0.4491415614304217,0.4348870151268783,0.39235263166735473
0.7250000000000001,0.65,0.35,0.6652777777777766,0.15350639057384188,0.44948303078061413,0.43732492857587324,0.39379298483709024
0.7250000000000001,0.6625000000000001,0.35,0.6692777777777762,0.1514578216470643,0.4498627766824788,0.43979096603909623,0.39524827930304934
0.7250000000000001,0.675,0.35,0.6733888888888868,0.14936549402281524,0.45016540498547825,0.44217659829258166,0.3966364783374655
0.7250000000000001,0.6875,0.35,0.6773888888888864,0.14734325119578826,0.4504598708361745,0.4445468611385266,0.3980070673441831
0.7250000000000001,0.7000000000000001,0.35,0.6813888888888859,0.14533504687003984,0.45071220944019297,0.44686980781227575,0.39933565952716826
0.7250000000000001,0.7125,0.35,0.6853333333333301,0.14336909975562334,0.4509412064090192,0.4491632759231932,0.4006360067111952
0.7250000000000001,0.7250000000000001,0.35,0.6892777777777741,0.14141800299075638,0.4511290321963112,0.45141050508093644,0.4018951221129353
0.7250000000000001,0.7375,0.35,0.6930555555555514,0.13956375039889543,0.4513344271966821,0.4536672490404596,0.4031566182774727
0.7250000000000001,0.75,0.35,0.6968333333333288,0.13772400952472413,0.45150117858886507,0.45588042293952963,0.4043791605240261
0.7250000000000001,0.7625000000000001,0.35,0.7006111111111062,0.13589926144920894,0.4516293570275985,0.4580501875451757,0.40556277841318794
0.7250000000000001,0.775,0.35,0.7042777777777725,0.13414279994734754,0.4517604616973211,0.46021606989416086,0.40673875580608065
0.7250000000000001,0.7875000000000001,0.35,0.7079444444444387,0.1324010815087429,0.45185458716245375,0.4623403375298645,0.4078772830402193
0.7250000000000001,0.8,0.35,0.711611111111105,0.13067439700561595,0.45191174843922083,0.4644231291798592,0.4089783720055227
0.7250000000000001,0.8125,0.35,0.7151666666666601,0.12901462203137595,0.45197576126898126,0.46650624388957224,0.41007549140908883
0.7250000000000001,0.8250000000000001,0.35,0.7187222222222153,0.12736950598304692,0.45200438516392155,0.4685496740412007,0.41113665521347686
0.7250000000000001,0.8375,0.35,0.7222777777777705,0.12573917915086155,0.4519975770326883,0.4705535295009179,0.41216185123415994
0.7250000000000001,0.8500000000000001,0.35,0.7257222222222145,0.12417410022549692,0.4520013967831537,0.47256178278612154,0.4131866665072546
0.7250000000000001,0.8625,0.35,0.729236111111103,0.12260237655438258,0.45196647515343097,0.4745255391501188,0.41417378580825337
0.7250000000000001,0.875,0.35,0.7348472222222138,0.12046944491576156,0.45186747923793497,0.4763473951675528,0.4151206149114639
0.7250000000000001,0.8875000000000001,0.35,0.7404305555555466,0.1183531304217879,0.4516917743722857,0.478090489859757,0.41599551360089226
0.7250000000000001,0.9,0.35,0.7460416666666574,0.11626855558182145,0.4515141168307821,0.47981718368589005,0.4168585591651989
0.7375,0.4,0.35,0.559833333333338,0.20831224536291,0.43957751836551734,0.3825722691056228,0.3598573687111866
0.7375,0.41250000000000003,0.35,0.5690000000000046,0.20381743741288966,0.440497893606762,0.385684235707508,0.36205307268044856
0.7375,0.42500000000000004,0.35,0.5769444444444494,0.19982642247527996,0.4413729554639334,0.388756391045231,0.3641722028370262
0.7375,0.4375,0.35,0.5842777777777828,0.19607764598129693,0.4421857974855932,0.3917688379710735,0.36621867006758274
0.7375,0.45,0.35,0.5909444444444493,0.1926257514688843,0.4429738517536396,0.394753741053719,0.36821816177013084
0.7375,0.4625,0.35,0.5970555555555602,0.18943215327833354,0.443748211248642,0.3977197886930318,0.37018206144021065
0.7375,0.47500000000000003,0.35,0.602944444444449,0.18633405212292597,0.4444733733492755,0.40063366019968744,0.37209304731300763
0.7375,0.48750000000000004,0.35,0.6086111111111155,0.18333872139247842,0.44515779789814663,0.40350252503626144,0.37395723723399893
0.7375,0.5,0.35,0.6139444444444487,0.1805109945634446,0.4458313552027216,0.40635330882464316,0.3757941432919541
0.7375,0.5125000000000001,0.35,0.6191666666666705,0.1777375821787655,0.4464594743098125,0.40915410320790635,0.3775836848035323
0.7375,0.525,0.35,0.6242777777777812,0.1750219619243251,0.4470459346679742,0.41190812517171926,0.3793285704114054
0.7375,0.5375000000000001,0.35,0.6290555555555584,0.1724848122481535,0.44764486994482006,0.414664963132935,0.38106437642063207
0.7375,0.55,0.35,0.6339444444444468,0.1698924162189188,0.4481610688441303,0.41733702237914055,0.38272991925615907
0.7375,0.5625,0.35,0.6386111111111129,0.16742345349054863,0.44867361470995115,0.4199969613211235,0.38437712002930774
0.7375,0.5750000000000001,0.35,0.6430555555555568,0.16507886993115775,0.44918893948963334,0.42265081357571516,0.3860113121310219
0.7375,0.5875,0.35,0.6476111111111119,0.1626841830689629,0.4496250028103757,0.42522277977375555,0.3875774833662772
0.7375,0.6000000000000001,0.35,0.6519444444444448,0.16041570887479392,0.45007008141207216,0.4277944913456634,0.3891357095132529
0.7375,0.6125,0.35,0.6562777777777776,0.15815768044915135,0.450467424642824,0.4303134454328018,0.39064749779490654
0.7375,0.625,0.35,0.6606111111111105,0.15591128722453274,0.45081711710015754,0.43277968097875086,0.39211276815069435
0.7375,0.6375000000000001,0.35,0.6647222222222211,0.15379186812247972,0.4511856606906328,0.43525512026709273,0.393578410665988
0.7375,0.65,0.35,0.6688333333333317,0.15168480332393766,0.45151039812029203,0.4376815783012736,0.39500074973410115
0.7375,0.6625000000000001,0.35,0.6729444444444425,0.1495910250615169,0.4517914315958723,0.4400591583074614,0.39637976549848764
0.7375,0.675,0.35,0.676944444444442,0.1475672636763732,0.45206463673816366,0.44242144979837433,0.3977412909831779
0.7375,0.6875,0.35,0.6809444444444416,0.14555746722173496,0.4522959878489885,0.44473675363409354,0.39906102719418274
0.7375,0.7000000000000001,0.35,0.6848333333333301,0.14361747082827062,0.4525230694607367,0.44704036297167254,0.4003663996648985
0.7375,0.7125,0.35,0.6886111111111075,0.14174670088240818,0.45274847106535043,0.4493348837835507,0.4016597355968029
0.7375,0.7250000000000001,0.35,0.6924999999999959,0.13983550675463033,0.45289629599363923,0.4515492064946772,0.40288536091948496
0.7375,0.7375,0.35,0.6962777777777733,0.13799365396035687,0.4530441518079029,0.45375628259437206,0.40410046211891376
0.7375,0.75,0.35,0.6999444444444396,0.13622017779193132,0.4531944376013318,0.4559585712758539,0.4053072612957436
0.7375,0.7625000000000001,0.35,0.7036111111111059,0.1344610689065702,0.4533080033063703,0.45811939027497195,0.4064768006382215
0.7375,0.775,0.35,0.7072777777777721,0.13271664756122623,0.4533848671472986,0.4602388649071496,0.4076090880614525
0.7375,0.7875000000000001,0.35,0.7109444444444384,0.13098720906986944,0.4534250458111352,0.4623171296979576,0.4087041357613294
0.7375,0.8,0.35,0.7144999999999935,0.1293247187736938,0.45347238255679756,0.46439568309815504,0.40979528091743145
0.7375,0.8125,0.35,0.7179999999999932,0.12770247918059358,0.45350689547932044,0.46645584570525866,0.41086767571974653
0.7375,0.8250000000000001,0.35,0.7214999999999927,0.1260945139966477,0.45350699022620855,0.4684773942881898,0.4119049922778227
0.7375,0.8375,0.35,0.7249444444444368,0.1245262668098273,0.4534957408157776,0.47048225427790274,0.41292498282183915
0.7375,0.8500000000000001,0.35,0.7287638888888809,0.12287561223003522,0.453463553567327,0.47244743701367636,0.4139244807190772
0.7375,0.8625,0.35,0.7344861111111026,0.120688320383697,0.45329980266581726,0.47422134135625826,0.4148288094551854
0.7375,0.875,0.35,0.7400972222222134,0.11857470131767969,0.4531436888101775,0.4759919922873711,0.41572750609305803
0.7375,0.8875000000000001,0.35,0.7455138888888797,0.11655032646543351,0.45298459590434226,0.47775392266902295,0.41661183898090964
0.7375,0.9,0.35,0.750791666666657,0.11459027945892702,0.4528007481092282,0.47948706602820407,0.4174653151275032
0.75,0.4,0.35,0.5657222222222268,0.20543937398284587,0.4429348125069883,0.38406816891307116,0.36216275489036426
0.75,0.41250000000000003,0.35,0.5745000000000048,0.20106282300180459,0.44373871435601037,0.38708544756233554,0.36426231498966577
0.75,0.42500000000000004,0.35,0.5822777777777828,0.19710550295196647,0.4444986978571585,0.3900614099321649,0.36629138135338474
0.75,0.4375,0.35,0.5892777777777827,0.1934921572148995,0.4452338705380901,0.39301023594861656,0.36826991119800395
0.75,0.45,0.35,0.5957222222222269,0.1901310013498962,0.445944680302676,0.39593057886725036,0.37020444019957666
0.75,0.4625,0.35,0.6018333333333379,0.18691986409924372,0.4466163181092554,0.39880806715530376,0.37209012454388724
0.75,0.47500000000000003,0.35,0.6076111111111155,0.18386811154519542,0.44726202687968397,0.40165401475149715,0.3739367755187929
0.75,0.48750000000000004,0.35,0.6130555555555598,0.18098270209435663,0.4478941909548168,0.40447920176493013,0.3757538158779369
0.75,0.5,0.35,0.6183888888888929,0.1781508291217359,0.44847857941296176,0.4072523939328393,0.37752158024154203
0.75,0.5125000000000001,0.35,0.6236111111111146,0.17537614599939247,0.4490190542019194,0.40997681879532993,0.37924279970491154
0.75,0.525,0.35,0.6285000000000028,0.17277965382482338,0.44956996598981636,0.4127016562385361,0.38095292495970917
0.75,0.5375000000000001,0.35,0.6332777777777802,0.1702456184727147,0.4500888793319984,0.4153883726975419,0.3826258141416249
0.75,0.55,0.35,0.6380000000000018,0.16774638581332316,0.4505654258040944,0.4180274434666371,0.3842549517107141
0.75,0.5625,0.35,0.6426111111111125,0.1653129842228156,0.4510155785035162,0.42063336838131266,0.38585111933238236
0.75,0.5750000000000001,0.35,0.6470555555555564,0.1629757047043534,0.4514572832276932,0.42322258840837246,0.38742687824150485
0.75,0.5875,0.35,0.6515000000000003,0.16064788323185308,0.4518494527969189,0.42575752986168713,0.3889547813370665
0.75,0.6000000000000001,0.35,0.6558333333333332,0.15838872788722166,0.4522236271932361,0.42826710048040734,0.39045646417544466
0.75,0.6125,0.35,0.660055555555555,0.15619859638215025,0.45258277120496515,0.4307541247814778,0.39193441025214165
0.75,0.625,0.35,0.6642777777777767,0.15402041314149884,0.45289647600948724,0.43319068138673755,0.3933676712435292
0.75,0.6375000000000001,0.35,0.6683888888888874,0.15191199609066622,0.45319900204657837,0.4356084016765969,0.3947804033272311
0.75,0.65,0.35,0.6723888888888869,0.1498731693204596,0.4534931063139677,0.4380099870132476,0.39617500255519156
0.75,0.6625000000000001,0.35,0.6763888888888865,0.14784752166812912,0.4537455699114638,0.4403648237243488,0.3975280439874742
0.75,0.675,0.35,0.680388888888886,0.14583574621654638,0.45395644798571066,0.4426729967785129,0.3988395018911471
0.75,0.6875,0.35,0.6842777777777747,0.14389376949561575,0.4541633969266017,0.44496953729367283,0.4001367074294716
0.75,0.7000000000000001,0.35,0.688166666666663,0.14196604906412527,0.45433054153541635,0.4472212678485809,0.4013938523442872
0.75,0.7125,0.35,0.6919444444444405,0.14010762858644896,0.4544972056892896,0.44946487123020684,0.4026398225358315
0.75,0.7250000000000001,0.35,0.6956666666666623,0.13829060254858225,0.4546457884198436,0.4516841471265121,0.40386203874460336
0.75,0.7375,0.35,0.6993888888888841,0.13648797102119303,0.4547571263021915,0.4538613521639131,0.4050464607413172
0.75,0.75,0.35,0.7030555555555503,0.13472666406209965,0.4548520314918021,0.45601602424966886,0.4062086188265032
0.75,0.7625000000000001,0.35,0.7066666666666611,0.13300634813698015,0.454931689003355,0.4581494260872189,0.4073496107051232
0.75,0.775,0.35,0.7102777777777718,0.13130052546348,0.45497571525666497,0.4602426419477236,0.4084542854213373
0.75,0.7875000000000001,0.35,0.7138333333333269,0.12963532780487744,0.4550060317530517,0.46231631808254414,0.4095392387267657
0.75,0.8,0.35,0.717277777777771,0.12803606869338374,0.45504611842926546,0.4643926050664368,0.41062251516246656
0.75,0.8125,0.35,0.7208333333333261,0.12639967684971204,0.455007464132007,0.4663887458063703,0.4116370216080007
0.75,0.8250000000000001,0.35,0.7242777777777702,0.12482869999663719,0.45498005960690285,0.4683891901246248,0.41265127363456294
0.75,0.8375,0.35,0.728513888888881,0.12304901076981054,0.45490189267919373,0.47031071362956284,0.4136258213049129
0.75,0.8500000000000001,0.35,0.7340694444444362,0.12093172823472022,0.45479020849276586,0.47214694780926453,0.41457785419489346
0.75,0.8625,0.35,0.7395972222222135,0.11883068931787334,0.4546034708840996,0.4739062799804,0.41545950180850905
0.75,0.875,0.35,0.7450972222222131,0.11678442558006277,0.45443984691359396,0.4756726529210427,0.416348776278908
0.75,0.8875000000000001,0.35,0.7503194444444349,0.11484362033153504,0.45426381799395815,0.47742585284838557,0.4172158304294003
0.75,0.9,0.35,0.7556805555555456,0.11288442117947425,0.45404009069712736,0.47911969303875734,0.41803578812476355
0.7625000000000001,0.4,0.35,0.5713888888888936,0.20262587673064825,0.4462159935388058,0.38550985379486696,0.3644083641573387
0.7625000000000001,0.41250000000000003,0.35,0.5799444444444494,0.19829963874866363,0.4468966074159035,0.3884256411889114,0.36641091122469466
0.7625000000000001,0.42500000000000004,0.35,0.5873888888888938,0.1944714154989992,0.44757006594120274,0.3913309607861435,0.3683657438105752
0.7625000000000001,0.4375,0.35,0.5942777777777826,0.19088684731744995,0.4482041596552871,0.39419465988103436,0.37026496550757837
0.7625000000000001,0.45,0.35,0.6006111111111158,0.1875636734875018,0.4488240220880955,0.3970379220880796,0.37212710154826273
0.7625000000000001,0.4625,0.35,0.6066111111111155,0.1843971877894364,0.4494118939804012,0.39984416735461803,0.3739453143742604
0.7625000000000001,0.47500000000000003,0.35,0.612277777777782,0.18139532699439564,0.4499807644482697,0.4026245123737115,0.3757293484354132
0.7625000000000001,0.48750000000000004,0.35,0.6176111111111152,0.17856400501199507,0.45054279442467965,0.40538955993443243,0.3774885518525781
0.7625000000000001,0.5,0.35,0.6228333333333368,0.17578935530066597,0.45106107987817384,0.4081061283520244,0.3792013637581745
0.7625000000000001,0.5125000000000001,0.35,0.6278333333333362,0.17313356129965973,0.4515647223929791,0.4108001391054355,0.38088675736477995
0.7625000000000001,0.525,0.35,0.6327222222222246,0.17054003548869526,0.4520343588528435,0.413454149548184,0.3825331460469044
0.7625000000000001,0.5375000000000001,0.35,0.6375000000000018,0.1680106718631742,0.45247343852104754,0.4160711894261085,0.3841431613145259
0.7625000000000001,0.55,0.35,0.6420555555555569,0.1656057400627143,0.4529139114930853,0.4186800942501457,0.3857384772963087
0.7625000000000001,0.5625,0.35,0.646611111111112,0.16320902896665604,0.4533029824264153,0.42123321468182984,0.38728451745196746
0.7625000000000001,0.5750000000000001,0.35,0.6510000000000004,0.16090926776887213,0.453686569551349,0.4237721104908499,0.3888123460326796
0.7625000000000001,0.5875,0.35,0.6553333333333332,0.1586488590014456,0.45403770731113074,0.4262724137751614,0.39030413591649243
0.7625000000000001,0.6000000000000001,0.35,0.6596111111111106,0.15642859319692115,0.45435792461993524,0.42873553704995554,0.39176108380394
0.7625000000000001,0.6125,0.35,0.6638333333333323,0.1542490731838513,0.45464870220299497,0.4311628749030048,0.39318437505195725
0.7625000000000001,0.625,0.35,0.667944444444443,0.15213931429253288,0.45492867200129405,0.43357152042003444,0.39458728800880366
0.7625000000000001,0.6375000000000001,0.35,0.6719444444444426,0.1500990679245215,0.4552005564356144,0.43596413049911276,0.39597219230229064
0.7625000000000001,0.65,0.35,0.6759444444444421,0.14807192087706417,0.4554310700512167,0.4383103295973822,0.3973157457965175
0.7625000000000001,0.6625000000000001,0.35,0.6799444444444417,0.1460585712314504,0.45562027002273314,0.4406101963619293,0.3986179223276063
0.7625000000000001,0.675,0.35,0.6837222222222191,0.14417033286336878,0.4558435552280887,0.442933175389867,0.39993321765963735
0.7625000000000001,0.6875,0.35,0.6876111111111076,0.14224056589994685,0.4559904970150613,0.44517781740876844,0.4011821855185248
0.7625000000000001,0.7000000000000001,0.35,0.691388888888885,0.14038003598150642,0.4561372619852452,0.4474143477968126,0.4024200606292758
0.7625000000000001,0.7125,0.35,0.6951666666666623,0.1385338297852132,0.4562462097404126,0.44960819067515967,0.40361958405064535
0.7625000000000001,0.7250000000000001,0.35,0.6988333333333285,0.1367560673257641,0.45635827998692324,0.45179730381850886,0.40481101131661573
0.7625000000000001,0.7375,0.35,0.7024999999999948,0.13499257004491771,0.45643418421881254,0.4539455115483558,0.4059655751686609
0.7625000000000001,0.75,0.35,0.70605555555555,0.13329647065719943,0.45651636564914694,0.45609226308415973,0.40711495934427644
0.7625000000000001,0.7625000000000001,0.35,0.7096111111111052,0.13161434461448807,0.45656392853272915,0.45819982256413855,0.4082289184211603
0.7625000000000001,0.775,0.35,0.7131666666666603,0.12994644768628005,0.45657688333889834,0.4602683074045888,0.40930746390367695
0.7625000000000001,0.7875000000000001,0.35,0.71666666666666,0.12831880546601263,0.4565776011174273,0.462318622865572,0.41036751938698185
0.7625000000000001,0.8,0.35,0.7201666666666595,0.1267053644627821,0.4565444583475589,0.4643308296259811,0.41139288559982734
0.7625000000000001,0.8125,0.35,0.7236111111111037,0.1251316638506081,0.4565005582131998,0.466326550224921,0.4124011824147474
0.7625000000000001,0.8250000000000001,0.35,0.728013888888881,0.12331430577090427,0.456432082596514,0.46826128332692274,0.4133926823431294
0.7625000000000001,0.8375,0.35,0.7336249999999918,0.12116782252090864,0.45627853069344726,0.47007157867789146,0.41432012998630646
0.7625000000000001,0.8500000000000001,0.35,0.7391249999999914,0.11909371316224152,0.45613440899971935,0.47187982997058187,0.41524331969690864
0.7625000000000001,0.8625,0.35,0.7444583333333242,0.1170776881248091,0.4559285031072241,0.4736280831701476,0.4161056189542568
0.7625000000000001,0.875,0.35,0.7499027777777684,0.1150734748322391,0.455735523814495,0.47536953848657343,0.416968739879775
0.7625000000000001,0.8875000000000001,0.35,0.7552083333333235,0.11313314218698653,0.45551955785787396,0.4770833708559129,0.4178022767841751
0.7625000000000001,0.9,0.35,0.7604305555555453,0.1112332611231491,0.45525721252037293,0.4787482635136586,0.418588298103951
0.775,0.4,0.35,0.5771666666666716,0.19971363744623416,0.44938906119815153,0.3868688765302682,0.3665802585621163
0.775,0.41250000000000003,0.35,0.5852777777777828,0.19556230211204623,0.44998063398917487,0.3897134310114502,0.36850380374407227
0.775,0.42500000000000004,0.35,0.5925000000000048,0.19181519917240475,0.45056048230788287,0.3925413189239697,0.3703819123300791
0.775,0.4375,0.35,0.5991666666666713,0.1883235209908236,0.45111490287048017,0.39533886419432074,0.3722141522222514
0.775,0.45,0.35,0.6053333333333378,0.18507272881386552,0.45165811026191954,0.3981177092851899,0.3740127349191214
0.775,0.4625,0.35,0.6112777777777821,0.18192566286658496,0.4521561908097988,0.40084744261764266,0.3757604031500154
0.775,0.47500000000000003,0.35,0.6167222222222264,0.17903614504188778,0.45267512859635683,0.40358596802079255,0.3774987783734404
0.775,0.48750000000000004,0.35,0.6220555555555591,0.1762026475010821,0.45314799068224,0.4062740244898168,0.37918884644608203
0.775,0.5,0.35,0.6271666666666696,0.1734875284844723,0.45360398513311595,0.40893729969575177,0.380849497753963
0.775,0.5125000000000001,0.35,0.632055555555558,0.17089342923333237,0.4540503691213668,0.411582222423918,0.3824864393033011
0.775,0.525,0.35,0.6369444444444464,0.16830447605682222,0.4544389241646922,0.4141658540841786,0.38406913267342174
0.775,0.5375000000000001,0.35,0.6416111111111126,0.16584003332222677,0.4548270530349555,0.4167392957373133,0.38563532827321045
0.775,0.55,0.35,0.6460555555555565,0.16350081564131225,0.45522119910996156,0.4193084880455419,0.3871903566234249
0.775,0.5625,0.35,0.6506111111111116,0.1611126454567419,0.4555357249593239,0.42179675872971106,0.38867728410260804
0.775,0.5750000000000001,0.35,0.6549444444444444,0.15885127303161187,0.4558625213120738,0.42428652021820873,0.3901581132949749
0.775,0.5875,0.35,0.6591666666666661,0.15665869256597315,0.4561749438879103,0.42675402627851594,0.39161547967308735
0.775,0.6000000000000001,0.35,0.6633333333333323,0.154506542707427,0.4564591953533827,0.4291869338813779,0.3930402210549189
0.775,0.6125,0.35,0.6674999999999985,0.15236675675125722,0.4566995227063412,0.43157104270069985,0.39442147195430216
0.775,0.625,0.35,0.6714999999999981,0.15032510030609625,0.45694884781438627,0.4339543477058835,0.3957964718029635
0.775,0.6375000000000001,0.35,0.6754999999999977,0.14829646282172315,0.45715707132565403,0.4362915807703951,0.39713032753210037
0.775,0.65,0.35,0.6793888888888862,0.14633735333487483,0.45736117436510215,0.4386164298379017,0.3984494191518089
0.775,0.6625000000000001,0.35,0.6832777777777747,0.14439179242236003,0.457525972714963,0.4408970085699255,0.39972886937710433
0.775,0.675,0.35,0.6871666666666632,0.14246034804445262,0.45765151291125383,0.4431334034150322,0.4009686645995138
0.775,0.6875,0.35,0.6909444444444406,0.1405981854495189,0.45777726319748324,0.4453617707415132,0.4021975044079692
0.775,0.7000000000000001,0.35,0.6946111111111068,0.13880443637802548,0.45790563398945705,0.4475845451234581,0.40341759966283575
0.775,0.7125,0.35,0.6982777777777731,0.13702454244612286,0.45799809048730017,0.44976659529457524,0.40460102473248216
0.775,0.7250000000000001,0.35,0.7019444444444394,0.1352588617449897,0.45805465683526253,0.4519080237226807,0.4057477834268689
0.775,0.7375,0.35,0.7056111111111056,0.133507726156911,0.4580753559518825,0.45400894295346755,0.40685788439443205
0.775,0.75,0.35,0.7090555555555497,0.131876243468848,0.4581466577660491,0.4561490544980257,0.40799588402619785
0.775,0.7625000000000001,0.35,0.7126111111111049,0.13020612790306144,0.45814118061436954,0.45821132075284676,0.40906711545066843
0.775,0.775,0.35,0.7160555555555489,0.12860198321942434,0.4581460858799701,0.46027613050723937,0.41013680151936893
0.775,0.7875000000000001,0.35,0.7194999999999929,0.12701157562276025,0.4581181468369296,0.4623038029653676,0.4111726838251925
0.775,0.8,0.35,0.7229444444444371,0.12543515727499113,0.45805741320486776,0.464294493661801,0.4121748103509176
0.775,0.8125,0.35,0.7274861111111033,0.12357209026108901,0.45796131216473895,0.466211752174671,0.4131536130732191
0.775,0.8250000000000001,0.35,0.7330972222222141,0.12142149793375298,0.45778915096656064,0.46801810261312765,0.41407447007911413
0.775,0.8375,0.35,0.7385972222222137,0.11934336199480684,0.45762671267679517,0.4698224287411578,0.4149911419127209
0.775,0.8500000000000001,0.35,0.7439583333333244,0.11732976211963342,0.4574395753618396,0.471596982369829,0.4158764765307352
0.775,0.8625,0.35,0.749458333333324,0.11529751019323804,0.4572041600223114,0.47331196165577893,0.4167143135133498
0.775,0.875,0.35,0.7546805555555458,0.11337113724829928,0.45695893623832895,0.4750157058774009,0.41753180472971857
0.775,0.8875000000000001,0.35,0.7598194444444343,0.11151842013237864,0.456766795540484,0.4767539872415645,0.4183807851954783
0.775,0.9,0.35,0.764930555555545,0.10968193443849308,0.45650534635083184,0.47842224291676494,0.41916471890264956
0.7875000000000001,0.4,0.35,0.5827222222222272,0.19687742495297963,0.45249325216305153,0.3881809752269629,0.3686972697953951
0.7875000000000001,0.41250000000000003,0.35,0.590611111111116,0.19279920255488567,0.4529776287085627,0.39093765465914393,0.3705344387537149
0.7875000000000001,0.42500000000000004,0.35,0.5976111111111158,0.18914065791442214,0.4534694327952445,0.393692755286351,0.3723394654413157
0.7875000000000001,0.4375,0.35,0.6040555555555601,0.1857476766005425,0.45394961340554313,0.396428599364645,0.3741083648324411
0.7875000000000001,0.45,0.35,0.6100555555555599,0.18257354149391253,0.4544201497256687,0.3991463399154652,0.3758460565242072
0.7875000000000001,0.4625,0.35,0.6158333333333376,0.17950817263083657,0.454852703226374,0.40182093316988166,0.37753794950191083
0.7875000000000001,0.47500000000000003,0.35,0.6212777777777815,0.17661591692263517,0.45527984457541726,0.40448058747178967,0.3792053001322043
0.7875000000000001,0.48750000000000004,0.35,0.626388888888892,0.17390058935923236,0.45571317444360226,0.40713546053825383,0.38085722209527856
0.7875000000000001,0.5,0.35,0.6315000000000025,0.17118796669553718,0.4560841487824784,0.40972538962527244,0.38245148893545616
0.7875000000000001,0.5125000000000001,0.35,0.6362777777777798,0.1686571293862004,0.45647580946934563,0.4123233146343472,0.38404174333352725
0.7875000000000001,0.525,0.35,0.641055555555557,0.16613300813648155,0.45681220627917773,0.4148623987203855,0.38557969386229685
0.7875000000000001,0.5375000000000001,0.35,0.6456111111111121,0.16373434835255868,0.457152895292442,0.4173952333310056,0.38710472798653633
0.7875000000000001,0.55,0.35,0.650055555555556,0.16140331918607756,0.4574734770263892,0.4199003710502693,0.38860145808883695
0.7875000000000001,0.5625,0.35,0.6545,0.15908268019569127,0.4577453787991412,0.4223524504079431,0.39005090145653515
0.7875000000000001,0.5750000000000001,0.35,0.6587222222222218,0.15688898037163995,0.4580339664286105,0.42480971738966833,0.39149768208004376
0.7875000000000001,0.5875,0.35,0.6629444444444436,0.15470690568649334,0.4582779007036404,0.4272176330468614,0.39290042111775353
0.7875000000000001,0.6000000000000001,0.35,0.6670555555555542,0.15259440738071267,0.45851170006676817,0.42960709983639667,0.39428304318302687
0.7875000000000001,0.6125,0.35,0.6710555555555537,0.15055134942359122,0.45873813044381495,0.4319807730417421,0.3956479309828011
0.7875000000000001,0.625,0.35,0.6750555555555533,0.1485212294994962,0.45892372774281565,0.4343087146772571,0.39697188104648334
0.7875000000000001,0.6375000000000001,0.35,0.6789999999999973,0.14653266186797295,0.4590870502404839,0.43660767346654195,0.39826802675018835
0.7875000000000001,0.65,0.35,0.6829444444444414,0.14455800838654162,0.4592105194908598,0.4388618809181228,0.39952397460156913
0.7875000000000001,0.6625000000000001,0.35,0.6866666666666633,0.14270788483574134,0.4593714982034602,0.44114139904030975,0.40079541121928336
0.7875000000000001,0.675,0.35,0.6904999999999961,0.140816506494835,0.4594565391796953,0.443343769204357,0.4020010654745494
0.7875000000000001,0.6875,0.35,0.6941666666666624,0.1390211039517693,0.4595639083839735,0.4455581103606977,0.40321202725743277
0.7875000000000001,0.7000000000000001,0.35,0.6978333333333286,0.13723951132022677,0.45963563981025213,0.4477320217728073,0.4043865165026895
0.7875000000000001,0.7125,0.35,0.7013888888888838,0.13552546206752028,0.4597135490458652,0.44990365981000685,0.40555529869310347
0.7875000000000001,0.7250000000000001,0.35,0.7049999999999946,0.13379855515757588,0.4597361143290027,0.45201715781915575,0.40667330870401086
0.7875000000000001,0.7375,0.35,0.7086111111111053,0.13208601250957172,0.4597238822411462,0.45409129089464845,0.4077555902691944
0.7875000000000001,0.75,0.35,0.7120555555555493,0.13046613657345746,0.45974289800111007,0.4561865332983348,0.40885144493438386
0.7875000000000001,0.7625000000000001,0.35,0.7154999999999934,0.1288597662114261,0.45972934286083805,0.45824478765812415,0.40991367357648684
0.7875000000000001,0.775,0.35,0.7189444444444375,0.12726717456710163,0.45968326843439816,0.4602661984741949,0.41094232099715
0.7875000000000001,0.7875000000000001,0.35,0.7222777777777705,0.12573917915086155,0.45965079542278875,0.4622931744813385,0.4119722559063316
0.7875000000000001,0.8,0.35,0.7268194444444367,0.12387259302575022,0.4595368959128053,0.46420587153185866,0.412944691070726
0.7875000000000001,0.8125,0.35,0.7324305555555475,0.12171769718402924,0.45934636185451927,0.4660086620151431,0.41385932782947754
0.7875000000000001,0.8250000000000001,0.35,0.7379305555555471,0.11963533450197388,0.4591658428414854,0.46780945295845594,0.4147698533535434
0.7875000000000001,0.8375,0.35,0.7434305555555467,0.11757583498045804,0.4589486926184607,0.4695654211996758,0.4156408082279323
0.7875000000000001,0.8500000000000001,0.35,0.748819444444435,0.11558686779840852,0.4587444040994862,0.47132213340508977,0.41651031045137793
0.7875000000000001,0.8625,0.35,0.7541805555555459,0.11361479736430749,0.458468685206798,0.47300624839962657,0.41731266018224605
0.7875000000000001,0.875,0.35,0.7592361111111011,0.1117760207912996,0.4582479202320985,0.4747346993364777,0.4181460183250974
0.7875000000000001,0.8875000000000001,0.35,0.7644305555555451,0.1099174788168707,0.4579806526149579,0.47640548164977736,0.4189335182560423
0.7875000000000001,0.9,0.35,0.7694305555555447,0.10814349442053994,0.45772156014338544,0.47807798456780465,0.41971646416704306
0.8,0.4,0.35,0.5882777777777827,0.19401095224966244,0.45550406787661624,0.38942494256535326,0.37074784387271
0.8,0.41250000000000003,0.35,0.5957222222222269,0.1901310013498962,0.4559235252113653,0.3921299513870569,0.3725225917959203
0.8,0.42500000000000004,0.35,0.6026111111111156,0.18650986296845362,0.4563163442814102,0.39480265650126345,0.37424945562196704
0.8,0.4375,0.35,0.6089444444444488,0.18316219243548856,0.4567079003317397,0.3974641367197675,0.37594729954526185
0.8,0.45,0.35,0.6147222222222265,0.1800981434275829,0.4571212215643937,0.40013392677502135,0.3776337143006951
0.8,0.4625,0.35,0.6203888888888927,0.17708822309736555,0.45748084221162033,0.40274677594598773,0.3792656630951304
0.8,0.47500000000000003,0.35,0.6256666666666698,0.17428416888442758,0.4578543892580024,0.40536099913243784,0.38088580556625745
0.8,0.48750000000000004,0.35,0.6308333333333359,0.17154153288939097,0.4581887143107928,0.40793056670082545,0.38246243453120143
0.8,0.5,0.35,0.6357222222222243,0.168951107867881,0.4585290741060098,0.4104947949022756,0.38402510381307103
0.8,0.5125000000000001,0.35,0.6405000000000015,0.16642606994197237,0.4588409159567815,0.413023696675725,0.385552602935619
0.8,0.525,0.35,0.6450555555555566,0.1640263910807255,0.45915742625725514,0.4155463478159692,0.3870672605328916
0.8,0.5375000000000001,0.35,0.6496111111111117,0.16163597560106727,0.459423380300939,0.4180144615817528,0.38853320460451995
0.8,0.55,0.35,0.654,0.15934321167691293,0.45968653245470725,0.42046998424460036,0.3899824735239191
0.8,0.5625,0.35,0.6582777777777774,0.15711936835659193,0.459935048919984,0.4229026715599606,0.3914077299534591
0.8,0.5750000000000001,0.35,0.6624999999999991,0.15493598988291626,0.4601550367137822,0.42530036020157297,0.3927998670282842
0.8,0.5875,0.35,0.6666111111111098,0.15282218016579263,0.4603652663133875,0.4276797575899347,0.39417204182153276
0.8,0.6000000000000001,0.35,0.6707222222222204,0.15072112018574005,0.46053308849008834,0.43001200173754983,0.3955019197452114
0.8,0.6125,0.35,0.6746666666666644,0.14871801042080407,0.4607129835292817,0.43234564490251215,0.3968277091509408
0.8,0.625,0.35,0.6786111111111085,0.14672811348620118,0.46085324197113986,0.4346347976830877,0.39811352517265
0.8,0.6375000000000001,0.35,0.6824999999999969,0.144779763702004,0.4609728654444267,0.43689648891282895,0.39937284554285474
0.8,0.65,0.35,0.6862777777777744,0.14290056654043895,0.46109257202070564,0.43914941986970457,0.40062071691294676
0.8,0.6625000000000001,0.35,0.6899999999999963,0.14106240562565395,0.461195017913513,0.4413782458623762,0.40184509094641313
0.8,0.675,0.35,0.693722222222218,0.13923802654120687,0.461261292210051,0.4435660854522965,0.4030324647964285
0.8,0.6875,0.35,0.6973333333333288,0.13748165120802755,0.4613325130922585,0.4457500723086026,0.40421278725379006
0.8,0.7000000000000001,0.35,0.7009444444444395,0.13573898203251833,0.4613691736957769,0.447894773714635,0.4053575595341385
0.8,0.7125,0.35,0.7044999999999946,0.13403679336441343,0.4613925734885427,0.4500195320097044,0.40648245568619945
0.8,0.7250000000000001,0.35,0.7080555555555498,0.1323485354421849,0.4613822308739239,0.4521059561642332,0.4075725389584809
0.8,0.7375,0.35,0.7114999999999938,0.13072647269569793,0.4613821823103877,0.45419407876230333,0.40866053737170716
0.8,0.75,0.35,0.7149444444444379,0.12911795487726768,0.46134988545014544,0.45624551087662135,0.40971513062305254
0.8,0.7625000000000001,0.35,0.7182777777777709,0.12757434239186138,0.46133080408293403,0.4583016855892672,0.41077039960784795
0.8,0.775,0.35,0.7216666666666595,0.1260183258313694,0.46125776693432574,0.46030172010056464,0.41177623684156434
0.8,0.7875000000000001,0.35,0.7262638888888813,0.12412344150892389,0.4611019440138742,0.46218785719205635,0.4127240451391021
0.8,0.8,0.35,0.7319027777777698,0.12197209184253965,0.4609283034815759,0.4640157285768054,0.41366039867838816
0.8,0.8125,0.35,0.7375416666666582,0.11984362334649099,0.4607168182041755,0.46579745110799387,0.41455604141987296
0.8,0.8250000000000001,0.35,0.7429027777777689,0.11782219863134004,0.4604926835436222,0.467563546006057,0.41542803246946114
0.8,0.8375,0.35,0.7481527777777685,0.11587099548675846,0.4602829376521716,0.46933184614618484,0.4162998628804951
0.8,0.8500000000000001,0.35,0.7534722222222126,0.11392082455658449,0.4600327823756552,0.4710502780959047,0.41713010146349033
0.8,0.8625,0.35,0.7587916666666567,0.11199290275585871,0.4597485816918818,0.4727265601165869,0.41792304267108144
0.8,0.875,0.35,0.7637916666666563,0.11019415131624154,0.4595038080756612,0.4744346157159828,0.41873471674118057
0.8,0.8875000000000001,0.35,0.769041666666656,0.10833065900837255,0.45916114520312173,0.4760380406509036,0.4194605389850986
0.8,0.9,0.35,0.7728472222222111,0.10703398343721664,0.4593647993142831,0.4781416451475546,0.4206018590280159
0.8125,0.4,0.35,0.593722222222227,0.19117719754339693,0.45843879160909695,0.39061627649237757,0.3727411925155401
0.8125,0.41250000000000003,0.35,0.600944444444449,0.18738816865847904,0.458767387319108,0.39324673187109205,0.37444056057715763
0.8125,0.42500000000000004,0.35,0.6076111111111155,0.18386811154519542,0.4590836930697673,0.3958562298121032,0.37610212235248125
0.8125,0.4375,0.35,0.6136111111111153,0.18068790096922935,0.4594348880676467,0.39848452699022713,0.3777579053256198
0.8125,0.45,0.35,0.6193888888888928,0.17761954729317173,0.45975096742867294,0.40107186332142736,0.3793695669359834
0.8125,0.4625,0.35,0.6249444444444477,0.17466780530974396,0.460040373244308,0.40362524946314476,0.3809433781102363
0.8125,0.47500000000000003,0.35,0.6300555555555583,0.17195416642914652,0.46036422575145836,0.40619711054532054,0.3825190196162708
0.8125,0.48750000000000004,0.35,0.6350555555555577,0.16930399821572537,0.4606539946882364,0.4087287760934211,0.38405503551762465
0.8125,0.5,0.35,0.6399444444444461,0.1667193074100834,0.46091329235000134,0.411223296140687,0.3855541309630193
0.8125,0.5125000000000001,0.35,0.6446111111111122,0.16426012500705903,0.4611754572148353,0.41370954857726117,0.3870385966996542
0.8125,0.525,0.35,0.6491666666666672,0.16186870505863898,0.4614160975702883,0.41616657103269133,0.3884932747566438
0.8125,0.5375000000000001,0.35,0.6536111111111113,0.15954593371718834,0.461638434771221,0.41859724188619435,0.3899207413200213
0.8125,0.55,0.35,0.6579444444444441,0.15729224339668055,0.46184551334595186,0.4210043327162277,0.3913234923915083
0.8125,0.5625,0.35,0.6621666666666658,0.1551079159458614,0.46204030701534093,0.4233905855150161,0.3927039983008102
0.8125,0.5750000000000001,0.35,0.6662777777777765,0.15299310785126444,0.46222572501927484,0.42575871279209904,0.39406470407359356
0.8125,0.5875,0.35,0.6702777777777761,0.1509476202780272,0.46240450123228216,0.4281113091857311,0.39540796121309274
0.8125,0.6000000000000001,0.35,0.6742777777777756,0.14891492775113338,0.4625429838027192,0.43041886362679727,0.39671069373478546
0.8125,0.6125,0.35,0.6782777777777752,0.1468957472301407,0.4626412373667053,0.43268142881624044,0.3979728727537544
0.8125,0.625,0.35,0.6820555555555525,0.14500175642648386,0.4627754157175942,0.43496654101794247,0.399248405955742
0.8125,0.6375000000000001,0.35,0.6859444444444411,0.143065834902009,0.4628339738775642,0.4371755265441004,0.40045871113568077
0.8125,0.65,0.35,0.6896111111111074,0.141253818617665,0.4629334743196821,0.43941199428818717,0.40168687195231245
0.8125,0.6625000000000001,0.35,0.6932777777777737,0.1394551253590889,0.46299785867711885,0.4416085453697184,0.40287895502978344
0.8125,0.675,0.35,0.6969444444444399,0.13767015035714816,0.4630271561652228,0.4437652581264239,0.4040349589855876
0.8125,0.6875,0.35,0.700499999999995,0.13595268893271595,0.46306333059897004,0.4459197649702408,0.40518546628745467
0.8125,0.7000000000000001,0.35,0.7040555555555502,0.13424883552643943,0.4630660219251031,0.4480361236770552,0.40630134545717006
0.8125,0.7125,0.35,0.7076111111111054,0.1325588025082203,0.4630352029381027,0.45011439490233146,0.4073825779451958
0.8125,0.7250000000000001,0.35,0.710999999999994,0.13096111866586713,0.4630371461151118,0.45221426543146453,0.40847817894313754
0.8125,0.7375,0.35,0.7143888888888824,0.1293764757256171,0.4630078098845593,0.45427839596695757,0.4095412264915321
0.8125,0.75,0.35,0.7178333333333264,0.1277793858712138,0.46292438484406645,0.4562863146986132,0.4105547199375431
0.8125,0.7625000000000001,0.35,0.7211666666666594,0.1262470297532556,0.46285526794748666,0.4582997947786099,0.411569688729622
0.8125,0.775,0.35,0.7255972222222147,0.12442491821088582,0.4627503012259907,0.4602435107198885,0.412562697853724
0.8125,0.7875000000000001,0.35,0.7312083333333254,0.12226211603289354,0.462521171131048,0.46203745636958743,0.413463467469888
0.8125,0.8,0.35,0.7367916666666584,0.12015421444620722,0.4623148381033055,0.4638370267301569,0.4143707664193674
0.8125,0.8125,0.35,0.7422361111111023,0.11811090917743255,0.4620843374852259,0.46560658127053084,0.4152467344637605
0.8125,0.8250000000000001,0.35,0.747597222222213,0.11610820066330478,0.46180702811860513,0.46732602233521153,0.41607440631422254
0.8125,0.8375,0.35,0.7528749999999904,0.11418064620325595,0.4615813743992098,0.4690773822041846,0.416931410936499
0.8125,0.8500000000000001,0.35,0.7581249999999901,0.11226937607514217,0.46128633704458777,0.4707584970376465,0.41772319086376536
0.8125,0.8625,0.35,0.7631249999999897,0.11046677664277094,0.461024312747208,0.47246295879188366,0.41852892665514946
0.8125,0.875,0.35,0.7682638888888782,0.10864405217671273,0.4607161739222745,0.4741105403997644,0.41928924579022026
0.8125,0.8875000000000001,0.35,0.7729861111111,0.10699357462517288,0.46052299606006497,0.47585669748109877,0.42012810689739705
0.8125,0.9,0.35,0.7752083333333222,0.10634610561709808,0.46148335176090444,0.47864685575411864,0.42185840115247036
0.8250000000000001,0.4,0.35,0.5990555555555602,0.18838196242223818,0.4613013704433193,0.3917585591727503,0.37468004708381575
0.8250000000000001,0.41250000000000003,0.35,0.60605555555556,0.18469097442057636,0.46154670622168176,0.3943206713055467,0.37630925110372426
0.8250000000000001,0.42500000000000004,0.35,0.6123888888888932,0.1813363878291459,0.46181636243399354,0.3968918803643222,0.3779239828522117
0.8250000000000001,0.4375,0.35,0.6183888888888929,0.1781508291217359,0.46206614724198486,0.39943482415958864,0.3795020668171687
0.8250000000000001,0.45,0.35,0.6240000000000033,0.17516953074320452,0.4623218341711882,0.4019711864725062,0.38106126178099986
0.8250000000000001,0.4625,0.35,0.6293333333333361,0.1723373890817374,0.46257096951412474,0.40449051744317766,0.38259596956849495
0.8250000000000001,0.47500000000000003,0.35,0.6343888888888911,0.16965701012316062,0.4628230575238649,0.40700101676718903,0.384113661632266
0.8250000000000001,0.48750000000000004,0.35,0.639333333333335,0.16704195914781633,0.46304378236129873,0.40947356322909595,0.3855936105999991
0.8250000000000001,0.5,0.35,0.6440555555555567,0.16455241468974496,0.4632666182289324,0.4119368255556915,0.3870580499814025
0.8250000000000001,0.5125000000000001,0.35,0.6486666666666673,0.1621307059821706,0.46346719534314185,0.41437009267786823,0.38849194700830997
0.8250000000000001,0.525,0.35,0.6531666666666668,0.15977768915457147,0.46364875405688355,0.416776229051193,0.3898978824946017
0.8250000000000001,0.5375000000000001,0.35,0.6574999999999996,0.15752282538626414,0.4638308851767487,0.4191722826766623,0.39128947600002434
0.8250000000000001,0.55,0.35,0.6617222222222214,0.15533730043019456,0.4640011077952331,0.4215476819285567,0.3926589871362374
0.8250000000000001,0.5625,0.35,0.6659444444444432,0.1531641191190027,0.4641275526126693,0.4238748775315733,0.39398503871305796
0.8250000000000001,0.5750000000000001,0.35,0.6699444444444428,0.15111759909303957,0.464281576430944,0.4262160401097898,0.3953167822440314
0.8250000000000001,0.5875,0.35,0.6739444444444423,0.14908381229965334,0.4643955776264445,0.4285125096622616,0.3966082079611453
0.8250000000000001,0.6000000000000001,0.35,0.6778333333333307,0.14711938464192648,0.464506925731399,0.4307970236737766,0.39788541363299534
0.8250000000000001,0.6125,0.35,0.6817222222222192,0.14516835049843912,0.4645801013140797,0.4330386071464278,0.3991238137594141
0.8250000000000001,0.625,0.35,0.6854999999999967,0.1432863317391555,0.4646540612859193,0.43527157897962515,0.40035100298583753
0.8250000000000001,0.6375000000000001,0.35,0.6892777777777741,0.14141800299075638,0.4646915864522664,0.43746334291279554,0.4015408687096341
0.8250000000000001,0.65,0.35,0.6929444444444404,0.1396180817977432,0.46473321513849625,0.43964978133897786,0.40272248704284563
0.8250000000000001,0.6625000000000001,0.35,0.6966111111111066,0.13783184407626434,0.4647400345358851,0.4417966833970121,0.4038682235150626
0.8250000000000001,0.675,0.35,0.7000555555555507,0.13616665868908548,0.4647961806111336,0.4439787730645467,0.4050391161059912
0.8250000000000001,0.6875,0.35,0.7036111111111059,0.1344610689065702,0.46477779707507594,0.4460864004540112,0.40614574855704455
0.8250000000000001,0.7000000000000001,0.35,0.707166666666661,0.1327692651768031,0.4647261792503599,0.4481562207229035,0.4072179275110935
0.8250000000000001,0.7125,0.35,0.7106111111111051,0.131143804323156,0.46468564803646967,0.4502278393933494,0.4082882792278401
0.8250000000000001,0.7250000000000001,0.35,0.713944444444438,0.12958354847648926,0.46465833265825013,0.45230343284302627,0.40935882475605606
0.8250000000000001,0.7375,0.35,0.717277777777771,0.12803606869338374,0.4646007142971062,0.4543443298762699,0.41039767984237674
0.8250000000000001,0.75,0.35,0.720611111111104,0.12650153827082025,0.46451279299180903,0.45635062242211044,0.41140485877137145
0.8250000000000001,0.7625000000000001,0.35,0.7250138888888813,0.12466881252106526,0.4643520307287356,0.45825836074170895,0.4123613639923883
0.8250000000000001,0.775,0.35,0.7306527777777698,0.12251014817196901,0.4641389699802764,0.4600765168770158,0.4132831576894683
0.8250000000000001,0.7875000000000001,0.35,0.7361527777777694,0.12041652360141984,0.4639006292221453,0.4618633614222936,0.4141724799529115
0.8250000000000001,0.8,0.35,0.741541666666658,0.11839400810086474,0.46367533020928065,0.4636503379215701,0.4150599370211741
0.8250000000000001,0.8125,0.35,0.7469305555555464,0.1163933125687748,0.4634155578316207,0.4653947492856916,0.41590972106408897
0.8250000000000001,0.8250000000000001,0.35,0.7523194444444349,0.11441479892820937,0.46312148065183484,0.4670967285214939,0.4167219028714345
0.8250000000000001,0.8375,0.35,0.7574583333333235,0.11254638577737856,0.4628584416537743,0.4688192030739204,0.41754572205001184
0.8250000000000001,0.8500000000000001,0.35,0.7625972222222119,0.11069884687226395,0.4625637469710368,0.4705020508736061,0.4183344631204731
0.8250000000000001,0.8625,0.35,0.7675972222222116,0.10891327149472442,0.4622531785376457,0.47216380989281126,0.41909962042166643
0.8250000000000001,0.875,0.35,0.7725972222222113,0.10714844751123112,0.46191236861885443,0.4737875863256451,0.41983102297373015
0.8250000000000001,0.8875000000000001,0.35,0.7753472222222111,0.10630561574799656,0.4626562201096209,0.4763804270350824,0.4213967495706306
0.8250000000000001,0.9,0.35,0.7774305555555443,0.10569712496836667,0.46360286303374465,0.4791607411728533,0.4231145868900783
0.8375,0.4,0.35,0.6043888888888934,0.18557166572185466,0.4640749629929392,0.39283801747879243,0.37655531543865073
0.8375,0.41250000000000003,0.35,0.6110555555555599,0.1820434853739461,0.46426536146135594,0.39535512592004185,0.3781314074721124
0.8375,0.42500000000000004,0.35,0.6172777777777819,0.17874106590955516,0.4644503634325771,0.39785572167853617,0.37967758514135075
0.8375,0.4375,0.35,0.623055555555559,0.17567131590683088,0.4646481479469309,0.40035495241237856,0.3812077222191429
0.8375,0.45,0.35,0.628611111111114,0.17272070694764258,0.4648222773930934,0.402822399465072,0.3827017912884922
0.8375,0.4625,0.35,0.6337222222222245,0.1700101380855538,0.4650363249690734,0.4053115898974663,0.38420103692501967
0.8375,0.47500000000000003,0.35,0.638722222222224,0.16736475111399815,0.46521811104818545,0.40776203364867436,0.3856617189601533
0.8375,0.48750000000000004,0.35,0.6436111111111124,0.16478634250656432,0.4653712592448925,0.4101767628947129,0.3870865618227166
0.8375,0.5,0.35,0.6482777777777785,0.16233455677048952,0.46553031874236434,0.41258517535930683,0.38849863241003957
0.8375,0.5125000000000001,0.35,0.6527222222222224,0.16000961718081544,0.4657017285850106,0.4149930625525647,0.38990326026851946
0.8375,0.525,0.35,0.6570555555555553,0.15775359155048121,0.4658585865305368,0.4173777504252361,0.3912834891923552
0.8375,0.5375000000000001,0.35,0.6613333333333326,0.15553809499782337,0.46598691745556337,0.41972738465376874,0.3926303253544929
0.8375,0.55,0.35,0.6654999999999988,0.15339223487814097,0.466105647619305,0.42205830401113,0.39395682072192695
0.8375,0.5625,0.35,0.6696111111111095,0.1512876663598644,0.4661997691927836,0.4243577373013985,0.3952531251125141
0.8375,0.5750000000000001,0.35,0.673611111111109,0.14925279030457464,0.46628896620214133,0.42664281258641906,0.3965330431257526
0.8375,0.5875,0.35,0.6774999999999974,0.14728724766256177,0.4663759024575018,0.42891606544552274,0.39779889448306366
0.8375,0.6000000000000001,0.35,0.6813888888888859,0.14533504687003984,0.4664249394348807,0.43114671976062924,0.3990261429116052
0.8375,0.6125,0.35,0.6851666666666634,0.14345184835637922,0.4664751552610523,0.4333688738387591,0.4002423279108851
0.8375,0.625,0.35,0.6889444444444408,0.1415822971824366,0.46648921177041763,0.4355501363710865,0.4014213888122259
0.8375,0.6375000000000001,0.35,0.6926111111111071,0.13978115134170352,0.46650776708210423,0.43772616524436503,0.4025923443504387
0.8375,0.65,0.35,0.6961666666666622,0.1380475904842645,0.46653318476098443,0.43989930418609013,0.4037573541553545
0.8375,0.6625000000000001,0.35,0.6997222222222174,0.13632725556096412,0.4665256508047685,0.44203479287555186,0.40488811813598885
0.8375,0.675,0.35,0.7032777777777726,0.13462038560379327,0.46648514193154816,0.44413267524639033,0.4059846142243996
0.8375,0.6875,0.35,0.7067222222222166,0.13297999774400615,0.46645532164636394,0.44623157285727916,0.407078685939651
0.8375,0.7000000000000001,0.35,0.7101666666666606,0.13135276910627178,0.46639402613869835,0.44829446681301277,0.4081398847320497
0.8375,0.7125,0.35,0.7134999999999936,0.1297908239801766,0.4663463441270303,0.45036138212855376,0.40920140422209633
0.8375,0.7250000000000001,0.35,0.7169444444444377,0.12819023669177412,0.4662229046303584,0.4523532809676838,0.4101976120015245
0.8375,0.7375,0.35,0.7201666666666595,0.1267053644627821,0.4661608943148556,0.45439200293644294,0.4112299510521353
0.8375,0.75,0.35,0.7242361111111038,0.12498100951880511,0.46602482581964433,0.45633847663832683,0.4122084262270988
0.8375,0.7625000000000001,0.35,0.7299583333333255,0.12280113969743309,0.4658045928542853,0.45816006693625844,0.41313396525728757
0.8375,0.775,0.35,0.7354583333333251,0.12070379701085024,0.46554664563965403,0.45994208568495537,0.4140161384814795
0.8375,0.7875000000000001,0.35,0.7409861111111025,0.11863544331471505,0.46528925355827977,0.46170951302830704,0.4148881091221492
0.8375,0.8,0.35,0.7463749999999909,0.11663131523372197,0.4650098486882901,0.4634487629785762,0.41573043923070285
0.8375,0.8125,0.35,0.751694444444435,0.11467019737990881,0.4647034223329309,0.46515399411131464,0.4165401994643988
0.8375,0.8250000000000001,0.35,0.7568472222222125,0.11280077925490767,0.4644397371523068,0.46688611182310913,0.41737136924090534
0.8375,0.8375,0.35,0.7619027777777676,0.11096796020386664,0.4641162249058268,0.4685591472190471,0.41814458124851
0.8375,0.8500000000000001,0.35,0.766930555555545,0.10918302514222643,0.4638239707861878,0.4702453507002807,0.4189320077948792
0.8375,0.8625,0.35,0.7719305555555447,0.1074143689983438,0.4634657049712145,0.4718654253474926,0.41965737774455697
0.8375,0.875,0.35,0.7753472222222111,0.10630561574799656,0.4638777843046122,0.4741645653171539,0.4209702050268255
0.8375,0.8875000000000001,0.35,0.7774999999999888,0.10567681545269295,0.4647990017976997,0.47692267825692003,0.42267142615083636
0.8375,0.9,0.35,0.7796527777777664,0.10504672088873468,0.4657073451859803,0.4796640263337365,0.4243584423139874
0.8500000000000001,0.4,0.35,0.6096111111111154,0.18280904150837582,0.46678151159794734,0.39387335675149554,0.37837958196078
0.8500000000000001,0.41250000000000003,0.35,0.6160555555555598,0.17939019840660156,0.46690342751719777,0.3963337391718555,0.3798956395377579
0.8500000000000001,0.42500000000000004,0.35,0.6220555555555591,0.1762026475010821,0.4670319736127173,0.39878706329807495,0.3813904680019855
0.8500000000000001,0.4375,0.35,0.6277222222222252,0.17319258338453036,0.4671580326060879,0.4012258914338781,0.3828611486722204
0.8500000000000001,0.45,0.35,0.6330555555555579,0.17036337655678485,0.4672938511176715,0.40366056126575844,0.38431721337454805
0.8500000000000001,0.4625,0.35,0.6381666666666684,0.1676582737125178,0.4674218477636031,0.40607666387112135,0.3857492894259513
0.8500000000000001,0.47500000000000003,0.35,0.6430000000000012,0.16510812521808138,0.4675643215310229,0.40849306425045606,0.38717282014813886
0.8500000000000001,0.48750000000000004,0.35,0.647722222222223,0.16262589677668784,0.4676830275347334,0.4108779508634767,0.38856428763147727
0.8500000000000001,0.5,0.35,0.6522777777777781,0.16024162793934027,0.467797381688768,0.4132477747620716,0.38993690247594653
0.8500000000000001,0.5125000000000001,0.35,0.6566666666666664,0.15795558439384202,0.4679121006537092,0.4156067587866826,0.3912945527040111
0.8500000000000001,0.525,0.35,0.6609444444444438,0.1557390022612878,0.46801467590051105,0.41794454242588386,0.39262958876889237
0.8500000000000001,0.5375000000000001,0.35,0.6651666666666655,0.15356343936459985,0.4680905410621582,0.42024888328895255,0.3939326006480435
0.8500000000000001,0.55,0.35,0.6692777777777762,0.1514578216470643,0.4681591466932709,0.4225364643601765,0.39521703853294227
0.8500000000000001,0.5625,0.35,0.6732777777777758,0.14942186136091531,0.4682232203422456,0.4248098390287715,0.39648524918864164
0.8500000000000001,0.5750000000000001,0.35,0.6772777777777753,0.14739923810271455,0.4682478807179919,0.42703925427917055,0.39771352348926026
0.8500000000000001,0.5875,0.35,0.6810555555555526,0.14550184518569978,0.46831000790814703,0.429290951347979,0.39895544589271503
0.8500000000000001,0.6000000000000001,0.35,0.6848333333333301,0.14361747082827062,0.46833616366193936,0.43150198935390155,0.40016042916683536
0.8500000000000001,0.6125,0.35,0.6886111111111075,0.14174670088240818,0.4683264347868947,0.4336724527451847,0.40132848728775294
0.8500000000000001,0.625,0.35,0.6922777777777738,0.13994433370166695,0.46832160223831004,0.43583777786708844,0.40248858325605574
0.8500000000000001,0.6375000000000001,0.35,0.6958333333333289,0.13820955480775263,0.4683240287716342,0.43800029716188854,0.4036428728432228
0.8500000000000001,0.65,0.35,0.6993888888888841,0.13648797102119303,0.4682937793363828,0.4401254605665395,0.4047631101536233
0.8500000000000001,0.6625000000000001,0.35,0.7029444444444393,0.13477982347074724,0.46823083169123936,0.4422133082087219,0.40584927324076603
0.8500000000000001,0.675,0.35,0.7063333333333278,0.13316454351412518,0.46820083001515966,0.4443213746712338,0.4069490182729346
0.8500000000000001,0.6875,0.35,0.7097222222222163,0.13156200657258665,0.4681403665352408,0.44639443132818485,0.4080167678308341
0.8500000000000001,0.7000000000000001,0.35,0.7131666666666603,0.12994644768628005,0.46802684857855925,0.44841270011474116,0.4090359734866684
0.8500000000000001,0.7125,0.35,0.7164999999999933,0.12839597104580167,0.46792803837066793,0.45043580358335705,0.41005629871455324
0.8500000000000001,0.7250000000000001,0.35,0.7197222222222152,0.12690947100840233,0.4678460234478425,0.4524658648953202,0.411079727881889
0.8500000000000001,0.7375,0.35,0.7234305555555481,0.12528586038069425,0.4676982582299306,0.45442055532278436,0.41205109292176895
0.8500000000000001,0.75,0.35,0.7292083333333256,0.12307811708775555,0.46743429324239183,0.4562163167369332,0.4129516456777054
0.8500000000000001,0.7625000000000001,0.35,0.7347361111111029,0.12098481479112976,0.46719267572238826,0.4580224484194283,0.41385498551511013
0.8500000000000001,0.775,0.35,0.7404027777777692,0.11887110417153776,0.46690279963240644,0.459770494935926,0.41471137790274404
0.8500000000000001,0.7875000000000001,0.35,0.7457916666666577,0.1168639652081601,0.46660339963873365,0.4615043621198091,0.4155460124994025
0.8500000000000001,0.8,0.35,0.7510138888888797,0.1149495562982362,0.46634547553996264,0.46326335077590725,0.41640054615492744
0.8500000000000001,0.8125,0.35,0.7563472222222124,0.11300923812875514,0.4660049438284653,0.4649371871656868,0.41718108522011715
0.8500000000000001,0.8250000000000001,0.35,0.7613472222222122,0.11119639587536195,0.4656878937240021,0.4666278496013051,0.41796647659711045
0.8500000000000001,0.8375,0.35,0.7663749999999896,0.10940824830757317,0.465376934875049,0.46830908290476136,0.41874677612808847
0.8500000000000001,0.8500000000000001,0.35,0.7712638888888781,0.10768082325609549,0.46505263501395405,0.46997136484378077,0.41950561256255264
0.8500000000000001,0.8625,0.35,0.7753472222222111,0.10630561574799656,0.465131600842198,0.4719795434842752,0.4205663633121018
0.8500000000000001,0.875,0.35,0.7775694444444332,0.1056565137528381,0.4660270311636712,0.4747153823639809,0.42225081244892543
0.8500000000000001,0.8875000000000001,0.35,0.7796527777777664,0.10504672088873468,0.4669272348994429,0.47745474211624994,0.42393418368462976
0.8500000000000001,0.9,0.35,0.7817361111110998,0.10443585345875696,0.46781525885234937,0.48017813277351207,0.42560396272948114
0.8625,0.4,0.35,0.6147222222222265,0.1800981434275829,0.4694250635051591,0.39486801363590757,0.38015568957078355
0.8625,0.41250000000000003,0.35,0.6209444444444482,0.1767930326914214,0.4694858647939007,0.39727746237023803,0.38161688056637905
0.8625,0.42500000000000004,0.35,0.6268333333333364,0.17366453260847337,0.46953844415446633,0.3996672232292352,0.38304909913731877
0.8625,0.4375,0.35,0.6322777777777803,0.17077562032838683,0.4696234807877408,0.4020708847750073,0.3844795573645767
0.8625,0.45,0.35,0.6375000000000018,0.1680106718631742,0.4696984666701205,0.4044538080036832,0.3858840024876021
0.8625,0.4625,0.35,0.6423888888888902,0.16543007162855336,0.4698010063558202,0.4068473355436371,0.38728758898871357
0.8625,0.47500000000000003,0.35,0.6472777777777786,0.1628590780988882,0.4698477853310143,0.40918261386243004,0.3886381207100659
0.8625,0.48750000000000004,0.35,0.6518333333333336,0.1604737199895889,0.46993576490097144,0.4115404188408462,0.38999885457780864
0.8625,0.5,0.35,0.6562777777777776,0.15815768044915135,0.47000793830448345,0.413873593700318,0.39133379009437724
0.8625,0.5125000000000001,0.35,0.6606111111111105,0.15591128722453274,0.47006735636848507,0.4161848460795514,0.3926454164920956
0.8625,0.525,0.35,0.6648333333333322,0.15373472590347867,0.47011699643700827,0.4184768565547144,0.39393619688665227
0.8625,0.5375000000000001,0.35,0.6689444444444429,0.15162806452096728,0.47015976888986527,0.4207522784339367,0.39520856853220876
0.8625,0.55,0.35,0.6729444444444425,0.1495910250615169,0.47019840374461647,0.42301364925784357,0.39646487343406167
0.8625,0.5625,0.35,0.676944444444442,0.1475672636763732,0.4701978954200001,0.4252314054023217,0.39768144712799225
0.8625,0.5750000000000001,0.35,0.6807222222222193,0.14566874508777233,0.470235377650236,0.42747136821277615,0.398911772530258
0.8625,0.5875,0.35,0.684611111111108,0.14372797131525944,0.470197849792359,0.4296373463033806,0.4000778840815522
0.8625,0.6000000000000001,0.35,0.6882777777777742,0.141911213778432,0.4702033333006096,0.43183036410740977,0.4012622165335745
0.8625,0.6125,0.35,0.6919444444444405,0.14010762858644896,0.47017480172065085,0.43398469406338885,0.40241125744407136
0.8625,0.625,0.35,0.6954999999999956,0.1383716346658085,0.47015392822670143,0.4361363057621402,0.4035546325496085
0.8625,0.6375000000000001,0.35,0.6990555555555508,0.13664880481756364,0.47010065370111265,0.4382508563652693,0.4046641484115662
0.8625,0.65,0.35,0.702611111111106,0.13493938227378915,0.470014956929995,0.4403283821625547,0.4057397831466548
0.8625,0.6625000000000001,0.35,0.7059444444444389,0.13334926404692005,0.4699845882228457,0.44244511282986093,0.4068449485151941
0.8625,0.675,0.35,0.709388888888883,0.1317190624428039,0.46988018437699813,0.44448904673665907,0.4078866197914453
0.8625,0.6875,0.35,0.7127222222222159,0.1301541684825829,0.4697901429888094,0.44653706878185795,0.40892884052639716
0.8625,0.7000000000000001,0.35,0.7160555555555489,0.12860198321942434,0.4696706210278356,0.44855119108519603,0.4099399349185751
0.8625,0.7125,0.35,0.7192777777777708,0.12711378604933984,0.469568247030207,0.4505722779257507,0.4109542287987751
0.8625,0.7250000000000001,0.35,0.7226805555555482,0.12556576135743294,0.46938509730774597,0.45251350290561815,0.4119006416467781
0.8625,0.7375,0.35,0.7284861111111033,0.12336273610448356,0.4691369745105715,0.4543331756728713,0.4128220938006509
0.8625,0.75,0.35,0.7341527777777697,0.12122390714446046,0.4688628814262354,0.45612016421089646,0.41371011061184904
0.8625,0.7625000000000001,0.35,0.7396111111111027,0.1191704647458826,0.46857161855841084,0.45788412139002044,0.4145709367215085
0.8625,0.775,0.35,0.7449583333333244,0.11718681666354581,0.46829571817738275,0.45964957006825313,0.41543147628581006
0.8625,0.7875000000000001,0.35,0.750347222222213,0.11519791876169695,0.46794369305881367,0.4613375408953867,0.4162224247975586
0.8625,0.8,0.35,0.7555138888888793,0.11332441044053893,0.46765993264574657,0.4630739816170753,0.41705353703278264
0.8625,0.8125,0.35,0.7606527777777677,0.11146648701383076,0.46730931251668123,0.46474323174309895,0.4178218146714625
0.8625,0.8250000000000001,0.35,0.7658194444444341,0.1096338216607739,0.46696388547970463,0.466401896260996,0.4185839689426921
0.8625,0.8375,0.35,0.7707083333333226,0.1079032752668202,0.4666209302906468,0.4680590491833474,0.41933564521178757
0.8625,0.8500000000000001,0.35,0.7753472222222111,0.10630561574799656,0.46641776312501465,0.46982544686917654,0.4201852786398992
0.8625,0.8625,0.35,0.7774305555555443,0.10569712496836667,0.46731347744834095,0.47256884380651754,0.4218723140505415
0.8625,0.875,0.35,0.7796527777777664,0.10504672088873468,0.4681790145901646,0.47527595748915014,0.42353238391109416
0.8625,0.8875000000000001,0.35,0.7817361111110998,0.10443585345875696,0.4690501496229756,0.477987239732423,0.4251919885664265
0.8625,0.9,0.35,0.783958333333322,0.10378320456740696,0.4698900509696085,0.4806607875686674,0.42682356597029797
0.875,0.4,0.35,0.6198333333333371,0.1773833750163353,0.47198457406738614,0.39580506706124025,0.3818715436924865
0.875,0.41250000000000003,0.35,0.6258333333333365,0.17419561811781156,0.4719900705512437,0.39816797608196786,0.3832818124192213
0.875,0.42500000000000004,0.35,0.6315000000000025,0.17118796669553718,0.4719974997813731,0.4005192363357824,0.38467057537877003
0.875,0.4375,0.35,0.6368333333333352,0.16836321140306562,0.47201911269063157,0.4028690953697496,0.3860473904065659
0.875,0.45,0.35,0.6419444444444459,0.1656643060718735,0.4720360881209677,0.40520248957165544,0.3874021227456864
0.875,0.4625,0.35,0.6467222222222231,0.16315068907214444,0.47208693010583963,0.40755135008006266,0.38876066248308283
0.875,0.47500000000000003,0.35,0.6513888888888892,0.16070598091540098,0.4721169580312525,0.4098710680266371,0.3900891792547757
0.875,0.48750000000000004,0.35,0.6559444444444443,0.15833097659311468,0.4721294747206155,0.41216447656888466,0.39139027953861727
0.875,0.5,0.35,0.6602777777777772,0.1560836476991232,0.472161962473672,0.4144628985756066,0.39268930248896394
0.875,0.5125000000000001,0.35,0.6644999999999989,0.1539060940308508,0.4721850625127925,0.4167422711920322,0.3939676515029284
0.875,0.525,0.35,0.6686111111111096,0.15179839454566027,0.4722016884881976,0.4190052301887302,0.3952277584351702
0.875,0.5375000000000001,0.35,0.6726666666666646,0.14973206124091548,0.4721960837103014,0.42123875901375984,0.3964593729961315
0.875,0.55,0.35,0.6766111111111087,0.14773538625407537,0.4721885832995853,0.42346009479162705,0.3976766361609855
0.875,0.5625,0.35,0.6804999999999971,0.14578004073855402,0.4721624507330938,0.4256553443760899,0.39886846779806023
0.875,0.5750000000000001,0.35,0.6842777777777747,0.14389376949561575,0.47213877488343137,0.4278425108020099,0.40004973850306347
0.875,0.5875,0.35,0.6879444444444409,0.1420758355563235,0.4721199783568687,0.4300239364852567,0.40122262630808486
0.875,0.6000000000000001,0.35,0.6916111111111072,0.14027103570297744,0.4720674399850232,0.43216698272864024,0.4023604179719851
0.875,0.6125,0.35,0.6952777777777734,0.13847977790379265,0.4719811951796834,0.43427170546314636,0.40346311145159314
0.875,0.625,0.35,0.6987222222222175,0.13680975669609552,0.47194635492466863,0.43641105470311337,0.4045912865594869
0.875,0.6375000000000001,0.35,0.7022777777777727,0.13509906177756223,0.4718376018471977,0.4384779742141844,0.405656198891626
0.875,0.65,0.35,0.7056666666666612,0.1334813037477331,0.4717627150030714,0.44056502511838397,0.4067349047885147
0.875,0.6625000000000001,0.35,0.7090555555555497,0.131876243468848,0.47165791498510845,0.4426176215093613,0.4077819933043048
0.875,0.675,0.35,0.7123888888888826,0.1303100890717649,0.47154588890422033,0.4446554367996086,0.4088139463236942
0.875,0.6875,0.35,0.7157222222222156,0.12875662463687745,0.47140465646104035,0.4466596217339947,0.4098149607216885
0.875,0.7000000000000001,0.35,0.7189444444444375,0.12726717456710163,0.4712809654699779,0.44867081070139325,0.41081929994825783
0.875,0.7125,0.35,0.7221666666666593,0.12578987709382342,0.4711294133361991,0.4506498429909556,0.41179400811668404
0.875,0.7250000000000001,0.35,0.7276666666666589,0.12366168970164734,0.47084584811257013,0.45245877180798927,0.4126916972317053
0.875,0.7375,0.35,0.7333472222222142,0.12152361617979643,0.4705697506010943,0.45425514604905687,0.4135865373400727
0.875,0.75,0.35,0.7389305555555471,0.11942173181735236,0.4702274386287329,0.4559853557000955,0.41441749980632075
0.875,0.7625000000000001,0.35,0.7443749999999911,0.11742032256907779,0.4699606067224328,0.45776616557242494,0.4152940880209005
0.875,0.775,0.35,0.7496527777777685,0.11547563412940666,0.4696384683148714,0.4594925135094647,0.41611494955109923
0.875,0.7875000000000001,0.35,0.7549305555555459,0.11355201915039433,0.4692843787805985,0.46117892762020635,0.4169002613342468
0.875,0.8,0.35,0.7600972222222122,0.11169570783904705,0.468949941068581,0.46287073435194925,0.4176891055891209
0.875,0.8125,0.35,0.7650972222222119,0.10989675158897759,0.46856524234807984,0.46451384237735743,0.41842685655270834
0.875,0.8250000000000001,0.35,0.7700138888888781,0.10816691276928683,0.4682396530483121,0.4661940997285677,0.4191998783869908
0.875,0.8375,0.35,0.7749027777777666,0.10645260204858378,0.46785020166375607,0.4678107129748807,0.4199128757142989
0.875,0.8500000000000001,0.35,0.7774305555555443,0.10569712496836667,0.4686146448653806,0.47043302466491793,0.421503474149335
0.875,0.8625,0.35,0.7796527777777664,0.10504672088873468,0.4694627762486357,0.4731277565043145,0.4231530965629754
0.875,0.875,0.35,0.7817361111110998,0.10443585345875696,0.47031680031725975,0.47582672317291874,0.4248023816252449
0.875,0.8875000000000001,0.35,0.7838194444444331,0.10382404988503312,0.4711589723203725,0.47851006698173626,0.4264383042361024
0.875,0.9,0.35,0.7859027777777664,0.10321144565362261,0.4719893058947571,0.48117773296056815,0.42806085528930127
0.8875000000000001,0.4,0.35,0.6247222222222255,0.17478585407541666,0.47451282394669625,0.3967273759700339,0.38355886352180646
0.8875000000000001,0.41250000000000003,0.35,0.6306111111111138,0.17165943900959912,0.4744437803425806,0.3990280819214799,0.38490739168767113
0.8875000000000001,0.42500000000000004,0.35,0.6360555555555576,0.1687747099876698,0.47441289426444894,0.40134607291858865,0.3862576135771881
0.8875000000000001,0.4375,0.35,0.6412777777777793,0.166015803945793,0.47437516006704755,0.40364544544146136,0.3875837285976444
0.8875000000000001,0.45,0.35,0.6462777777777787,0.1633840836156015,0.47433802813414566,0.40593248037630936,0.38889160795895056
0.8875000000000001,0.4625,0.35,0.6509444444444449,0.16093832050703624,0.4743409611518366,0.4082397344931576,0.3902078962200643
0.8875000000000001,0.47500000000000003,0.35,0.6554999999999999,0.15856211502506554,0.4743267185163773,0.41052088990977914,0.39149692857337004
0.8875000000000001,0.48750000000000004,0.35,0.6599444444444439,0.15625608318929485,0.474298531465085,0.4127787372529474,0.3927612848298107
0.8875000000000001,0.5,0.35,0.6641666666666656,0.15407754328048695,0.47429478067388586,0.41504516798579316,0.3940270038280093
0.8875000000000001,0.5125000000000001,0.35,0.6683333333333318,0.15194039837263024,0.4742668287088733,0.4172803341493924,0.39526247354846467
0.8875000000000001,0.525,0.35,0.6723888888888869,0.1498731693204596,0.4742346675071403,0.41950094997751586,0.3964814214934927
0.8875000000000001,0.5375000000000001,0.35,0.6763333333333309,0.14787555823882026,0.47420101228416556,0.421709524693605,0.3976861799289225
0.8875000000000001,0.55,0.35,0.680277777777775,0.14589143569685611,0.47412968781075365,0.42387602543999775,0.39885237028294923
0.8875000000000001,0.5625,0.35,0.6839999999999969,0.14403201097494375,0.47410001001567814,0.4260670492851346,0.40003481192671003
0.8875000000000001,0.5750000000000001,0.35,0.6877222222222187,0.1421856437374417,0.4740360482264149,0.4282192110497248,0.4011816440109798
0.8875000000000001,0.5875,0.35,0.691388888888885,0.14038003598150642,0.4739584239944493,0.43034993897441814,0.4023072778679249
0.8875000000000001,0.6000000000000001,0.35,0.6949444444444401,0.13864204973995614,0.4738893024092075,0.43247816434830555,0.4034275592206653
0.8875000000000001,0.6125,0.35,0.6984999999999952,0.1369170977552594,0.47378828607385487,0.43456989185738476,0.40451434047695156
0.8875000000000001,0.625,0.35,0.7019444444444394,0.1352588617449897,0.4736988442249077,0.4366621557187771,0.4055985728272562
0.8875000000000001,0.6375000000000001,0.35,0.7053888888888834,0.1336134357719454,0.47357901532651026,0.4387194688083705,0.4066506849472058
0.8875000000000001,0.65,0.35,0.7088333333333274,0.1319810754628387,0.4734288130668668,0.44074189689719906,0.4076706858276993
0.8875000000000001,0.6625000000000001,0.35,0.7121666666666604,0.13041408214485875,0.4732938090820169,0.44276855271146354,0.4086915265784669
0.8875000000000001,0.675,0.35,0.7153888888888823,0.12891139477046454,0.4731760885139259,0.4448015391394399,0.4097151809788591
0.8875000000000001,0.6875,0.35,0.7186111111111042,0.12742069340098036,0.47303078284493294,0.4468025591020161,0.4107093756506828
0.8875000000000001,0.7000000000000001,0.35,0.721833333333326,0.1259421297279545,0.4728578879967089,0.44877168242515125,0.4116741240564593
0.8875000000000001,0.7125,0.35,0.7268472222222145,0.1239609532637851,0.47259157713944655,0.45061586952137317,0.412585567110504
0.8875000000000001,0.7250000000000001,0.35,0.7325972222222142,0.12179903538278754,0.47228886877364024,0.452400156719909,0.41346898858556586
0.8875000000000001,0.7375,0.35,0.738069444444436,0.1197431089561046,0.4719751540732229,0.45416753272514787,0.41432872016771005
0.8875000000000001,0.75,0.35,0.7436249999999912,0.1176904616711076,0.47163886082512946,0.45590001489313997,0.4151609618369275
0.8875000000000001,0.7625000000000001,0.35,0.7489027777777686,0.11574307861204348,0.47129672494416486,0.45762091204437944,0.41597420425134385
0.8875000000000001,0.775,0.35,0.7542083333333237,0.11382171416194067,0.47095892743497453,0.4593303894920598,0.4167803715212269
0.8875000000000001,0.7875000000000001,0.35,0.7594166666666566,0.11193698828793572,0.4705612983731966,0.4609804892184312,0.4175283155845855
0.8875000000000001,0.8,0.35,0.7644027777777674,0.11016433518965683,0.47023703260629857,0.46268288950150616,0.4183206121450324
0.8875000000000001,0.8125,0.35,0.7694305555555448,0.10838639047921249,0.46984005603066425,0.4643119365687388,0.4190465130226169
0.8875000000000001,0.8250000000000001,0.35,0.7743472222222112,0.1066727825792545,0.46946732430855115,0.4659507663725023,0.41978019312501447
0.8875000000000001,0.8375,0.35,0.7772916666666555,0.10573770178422792,0.4699659532664448,0.4683476976017442,0.4211703283319917
0.8875000000000001,0.8500000000000001,0.35,0.7795138888888776,0.10508740873538416,0.4707970237953758,0.4710305182285031,0.42280989200509644
0.8875000000000001,0.8625,0.35,0.7817361111110998,0.10443585345875696,0.47161529989920115,0.47369666440388664,0.4244351940629499
0.8875000000000001,0.875,0.35,0.7838194444444331,0.10382404988503312,0.47244029836750623,0.4763676884403008,0.42606077287540134
0.8875000000000001,0.8875000000000001,0.35,0.7859027777777664,0.10321144565362261,0.47325361417475825,0.4790232328555815,0.4276730984451339
0.8875000000000001,0.9,0.35,0.7879861111110997,0.10259817331821193,0.4740552597756791,0.48166324291393847,0.42927216128218904
0.9,0.4,0.35,0.6296666666666694,0.17216050379430883,0.4769484073749149,0.3975856136776048,0.3851811725767242
0.9,0.41250000000000003,0.35,0.6352777777777799,0.16918635433008555,0.47685082332386813,0.3998608071079091,0.3864963781336098
0.9,0.42500000000000004,0.35,0.6406111111111127,0.16636747276525138,0.4767580131876411,0.4021262784212948,0.3877938776717558
0.9,0.4375,0.35,0.6456666666666676,0.16370514728835747,0.4766794737564604,0.40439001178295936,0.38908119509247424
0.9,0.45,0.35,0.6505000000000004,0.16117073730073894,0.4766078025024712,0.40664645070809086,0.3903550425034251
0.9,0.4625,0.35,0.6550555555555555,0.15879343237551036,0.4765665278379468,0.40891506245928777,0.3916318232995575
0.9,0.47500000000000003,0.35,0.6596111111111106,0.15642859319692115,0.4764770930793444,0.41113239273891056,0.39286139881243837
0.9,0.48750000000000004,0.35,0.6639444444444434,0.1541919162406048,0.4764107146137888,0.4133565616554146,0.3940907875373578
0.9,0.5,0.35,0.6680555555555541,0.1520824703918629,0.47637321586404946,0.41559284789934786,0.3953249686697355
0.9,0.5125000000000001,0.35,0.6721666666666647,0.14998607041593337,0.4762955338386616,0.4177848880678175,0.396518486582905
0.9,0.525,0.35,0.6761666666666643,0.14795967233383026,0.476215938548069,0.41996425629446527,0.3976972259655875
0.9,0.5375000000000001,0.35,0.6799444444444417,0.1460585712314504,0.47617604800313007,0.42216572936596514,0.39889013128468714
0.9,0.55,0.35,0.6838333333333302,0.14411497001587092,0.4760615013696337,0.4242947552557564,0.40001951183330176
0.9,0.5625,0.35,0.6874999999999964,0.14229547347025542,0.4759916819427199,0.4264506395885114,0.40116750230069204
0.9,0.5750000000000001,0.35,0.6911666666666627,0.1404890596303783,0.4758886721856092,0.428568771226035,0.4022807889775657
0.9,0.5875,0.35,0.6947222222222179,0.13875029475562564,0.4757946107795714,0.43068452808397406,0.40338889588205007
0.9,0.6000000000000001,0.35,0.6982777777777731,0.13702454244612286,0.47566893085773465,0.4327640875632997,0.40446369611059635
0.9,0.6125,0.35,0.7017222222222171,0.13536546185887408,0.47555522467157374,0.43484426178130536,0.4055360877734589
0.9,0.625,0.35,0.7051666666666612,0.1337191747851179,0.4754114065323514,0.4368897732695836,0.4065765492692042
0.9,0.6375000000000001,0.35,0.7084999999999941,0.13213846460134576,0.47528248578936616,0.4389388297861097,0.4076173193799697
0.9,0.65,0.35,0.7118333333333271,0.13057021412185243,0.4751249018992188,0.4409547338607927,0.40862751352711146
0.9,0.6625000000000001,0.35,0.7151666666666601,0.12901462203137595,0.47493866030799325,0.4429375515432739,0.4096071442315868
0.9,0.675,0.35,0.7183333333333265,0.12754872185290295,0.47479428893155184,0.44494754588129554,0.4106074474076533
0.9,0.6875,0.35,0.7214999999999927,0.1260945139966477,0.4746232531138906,0.44692654785593755,0.41157911163188227
0.9,0.7000000000000001,0.35,0.725930555555548,0.1242741135789533,0.47434319852029533,0.4487815221410793,0.4124784146325966
0.9,0.7125,0.35,0.731624999999992,0.12213490215244169,0.4740446724374276,0.45058171502918015,0.4133724345704987
0.9,0.7250000000000001,0.35,0.7373194444444361,0.12001622867847912,0.47370995950163775,0.45233784803082494,0.4142271998689089
0.9,0.7375,0.35,0.7428749999999913,0.11796093300814157,0.4733530350267518,0.45406461917493735,0.41505154872406197
0.9,0.75,0.35,0.748236111111102,0.11599265060372543,0.47300147372104057,0.4557862267883822,0.41586639997307334
0.9,0.7625000000000001,0.35,0.7534583333333238,0.11408683401197833,0.4726327760850893,0.457483724919426,0.41665548145402603
0.9,0.775,0.35,0.7586249999999901,0.11222469841892958,0.47225916607592566,0.4591649382535589,0.41742947588536433
0.9,0.7875000000000001,0.35,0.763736111111101,0.11040554213987218,0.4718815833387189,0.4608307519368065,0.4181892694338089
0.9,0.8,0.35,0.7687083333333228,0.10864722092292398,0.47149145776809676,0.46247728958288215,0.4189276253943877
0.9,0.8125,0.35,0.7737638888888779,0.10688983902688783,0.4710824385604499,0.4640922185803239,0.41964175260830583
0.9,0.8250000000000001,0.35,0.7771527777777666,0.1057783309898289,0.47134990497252505,0.466293042506553,0.42085994476596045
0.9,0.8375,0.35,0.7793749999999887,0.10512806295780414,0.47216365898158064,0.46896370385157776,0.42248927949394216
0.9,0.8500000000000001,0.35,0.7815972222222108,0.1044766086039566,0.47296481175119104,0.47161793841752553,0.4241045011194075
0.9,0.8625,0.35,0.7836805555555442,0.10386486319201543,0.47377293791412795,0.47427707469668706,0.4257200915121665
0.9,0.875,0.35,0.7859027777777664,0.10321144565362261,0.4745494229598315,0.4768988640409096,0.4273075275375407
0.9,0.8875000000000001,0.35,0.7879861111110997,0.10259817331821193,0.4753339905108622,0.47952674803619044,0.42889634151331435
0.9,0.9,0.35,0.7899999999999886,0.10200482585743507,0.47611762993156725,0.4821509145925911,0.4304800147154917
