H0,F0,C,g,e,rh,rf,th,tf,dh,df,Modeled_RDI,Final_Lymphoma_Burden,Final_Reserve_Index
0.8957034395562997,0.4937050094042232,0.4534272618720797,0.17183263167302576,0.5135472606851829,0.15004877595341076,0.19751643529536306,0.19173273813620584,0.14455644136489032,0.11429190737490505,0.09271325635563814,0.6352777777777799,0.2023137748599655,0.370020172959502
0.6291659115100363,0.6411205213919274,0.5434595145480562,0.21749358059228147,0.6988327463158006,0.22292034947667433,0.13149957847804666,0.09685860540152252,0.13588523410429848,0.1432580589423795,0.06823618532573662,0.651166666666667,0.12244123553606871,0.4065993542357362
0.5166263717780446,0.76239619099081,0.5272994548526335,0.16067328671011552,0.7356586362379128,0.2263442306443166,0.19035062736253838,0.15232776335589757,0.24736678086699132,0.0817677976642158,0.08282135143553512,0.6108333333333377,0.10114271842367484,0.3755469265719334
0.7259665862645686,0.5017773997698518,0.15432947577682413,0.2168488188387195,0.5934136052413135,0.1920783126343417,0.15754565952170158,0.0956313683475834,0.17457688941334032,0.10007193637551945,0.11234377400455124,0.7346111111111036,0.13147527519674965,0.41999583422670933
0.7183509661787444,0.5005757120782529,0.18205126945887284,0.21153080125505674,0.731617802517774,0.23638968910590066,0.12665602937520795,0.15731749682828466,0.19975244571164927,0.1005604357944179,0.10201307023184726,0.6269444444444475,0.1176053603121172,0.3913013420358151
0.6283973438720802,0.5530869758020155,0.5526881329236424,0.16620644872044937,0.7464958631588199,0.14943937493375545,0.1422492492140342,0.2574278197237964,0.09605990038847856,0.06696766760319986,0.12256035570788157,0.5707222222222269,0.11592871109431713,0.3235769606997488
0.4710967135553291,0.7575264449117436,0.5666722639488888,0.17309518782658423,0.500599832583221,0.19237292968825914,0.14500691101655416,0.2007604605748058,0.19048017706782572,0.060092467865914725,0.122967153123602,0.5726111111111158,0.24532232589678435,0.30927401592501474
0.6447042751367458,0.6645986710628928,0.21679449161180422,0.20544056475032144,0.5682524233575935,0.18142695266152026,0.10458656866562953,0.18213227789513448,0.18536938372733627,0.05950663375585685,0.05849686209855475,0.6453888888888899,0.18439486990204276,0.37192140559379255
0.5101548553988697,0.578249059702407,0.15526291910755816,0.24743288310998135,0.6175101524856785,0.1779828323586053,0.19094351613147265,0.10882570391833958,0.23865698371241184,0.09421896401936414,0.08069875893761831,0.5829444444444495,0.2160623131812033,0.3883736479534699
0.5193342921019054,0.7857822773783631,0.39867026357957025,0.27873619120924975,0.6827372612286853,0.18071964967457232,0.2132105951394691,0.20204721708927112,0.09350743786897264,0.12805686616908316,0.0971175315686221,0.6717222222222203,0.14983642007402365,0.41537124815115056
0.5881898013391498,0.5155178729716843,0.48452463903826437,0.17858098730345395,0.706701007241554,0.19869161885772677,0.15175727375045273,0.09145538259497668,0.15023308836647647,0.06528944587823142,0.04515486236559571,0.5581666666666713,0.14244419501783237,0.417208032177775
0.7419151380586007,0.8927240001109742,0.39622577333804637,0.25191001259827317,0.703723365141223,0.1222012499635602,0.13787375225956286,0.14606484299097433,0.23518020084545954,0.11075905768755115,0.06471347837869218,0.6746249999999983,0.12606091865600322,0.3652611270556441
0.5286770449742697,0.7187878171759187,0.4770681760576667,0.2651145270709529,0.6519432068405848,0.17290637076270057,0.1709495247272799,0.09507187180002637,0.09717453616751502,0.0732422303213549,0.0935111912381045,0.7499999999999896,0.1181989530593378,0.4268076615376734
0.7149854447528615,0.46487385953904875,0.40715972190321725,0.18776042344063779,0.4858684234546159,0.26472199187429024,0.16831308413443827,0.1903590607457739,0.10009530533757448,0.09564634021864032,0.12364027349416297,0.5836111111111162,0.26126848424309407,0.385160941584849
0.8612022818329781,0.5708949839162641,0.22354688959454488,0.16392173856767395,0.7293528830159993,0.16380328690290968,0.12892552289729411,0.2059685559726532,0.20334172724309574,0.1139110209865177,0.09412012655550953,0.6486111111111118,0.0900405413276265,0.3663198453851877
0.8438661699445238,0.6256531892311809,0.3913725736751421,0.16448388666572256,0.49962637633876095,0.17009526957826956,0.22575518171864584,0.24461297186920702,0.09838174518618335,0.11340049412378031,0.11689191608850938,0.662277777777777,0.19236299510985266,0.39171363561119255
0.6998084126459974,0.7704068619923498,0.5559974904603705,0.2637403340753304,0.532141156205108,0.13567835920970878,0.10927396532467634,0.13987258412237752,0.11679751577308226,0.05760120129683974,0.07453274160880273,0.6674999999999985,0.23447933617867017,0.37696977967508427
0.5039149799987447,0.7238278893497859,0.3765637855356694,0.1892951648438719,0.4977850564779968,0.10859580714433187,0.11365404394492003,0.2262878833323477,0.15439904877522637,0.080176148130035,0.07534257883264925,0.5831666666666717,0.2538863767462007,0.29694269879769386
0.824223208800857,0.48122070869438993,0.5300003356455829,0.20368676165774538,0.6471595849357267,0.11362819689908156,0.14719554038793337,0.2266019169498004,0.19419518044595258,0.0655173619183329,0.11381807014916687,0.5876111111111161,0.1699010729705641,0.29756167572091585
0.46574430306154146,0.7274751638079214,0.37357699505170117,0.1714720538436016,0.751709690265338,0.2509424534333383,0.223123525118747,0.11749544036447052,0.1979379237067589,0.11609738498775843,0.12330843592511151,0.7129444444444416,0.06472920185580959,0.41999994139154445
0.6360291461773971,0.47386027435918365,0.2871034222085127,0.26657065041830874,0.547599590112946,0.1903870689654477,0.22239204496275639,0.12279123266560887,0.1923244484620284,0.08629458462309982,0.10337473887252849,0.5788333333333383,0.27812821096333407,0.396793632131209
0.8915227971126154,0.6228303912790711,0.4095635617020891,0.19025607442681597,0.6688295578872567,0.1772317426234401,0.1639088756962393,0.10733393549344783,0.15306289104109966,0.11204093713242813,0.10037657292410147,0.7499999999999896,0.08345935182838835,0.4345015195911906
0.5145906233322303,0.7672223073684609,0.24305458576136996,0.17203174265109375,0.6560622599918903,0.25645147423506154,0.1170002611061097,0.184035200090633,0.14641834345130278,0.04339180224837944,0.053278298561226275,0.7499999999999896,0.08179990819325095,0.4234023242017465
0.5721769443933438,0.6252870038733023,0.5822285871477808,0.26516402349677826,0.6927410442752817,0.21409603881149616,0.2324497812275979,0.11171030109697448,0.08889961417524485,0.06392551967825823,0.09311410305206519,0.7499999999999896,0.10112254017332138,0.44530590964772465
0.4896711265747613,0.5389510214495382,0.5178437519258958,0.19284313278515391,0.5633753255643474,0.2299523867141189,0.08606227346906743,0.11510062189988181,0.17892185014290674,0.07153812548413337,0.056837471385176086,0.5500000000000045,0.2289265773974468,0.3230978947370607
0.8321457325888512,0.8178138080127432,0.5482459263866799,0.1835499988138637,0.7483233662889796,0.1687443489776754,0.1212219205089291,0.23917950674382452,0.08501520822421704,0.12242290416358173,0.06642507276337342,0.7051527777777724,0.07167000309981701,0.4026453957783963
0.5327556712920651,0.7358637472753864,0.3601286223461541,0.26557559874330317,0.6111332632098784,0.2328212937280726,0.2310640506019142,0.20318630153186285,0.13275318451645676,0.10938336324545736,0.052823677277494416,0.7184999999999945,0.15452257113059817,0.4199869226256108
0.8371781767077537,0.6967984702133059,0.247521765051604,0.18813304087490126,0.6171246507632886,0.18872701550705887,0.13807544868153904,0.25324842547099835,0.21992264821569818,0.15750757852093591,0.12002487861117732,0.6316111111111137,0.1543241433048871,0.3307875819447525
0.5262601830142493,0.7198742084301415,0.3376699104533786,0.16493994655153724,0.5868297608333038,0.23594769574835858,0.1352427544160556,0.1548286515080997,0.10469098221289284,0.08159542159709057,0.09236656223457718,0.7499999999999896,0.10553805919613635,0.42289414769868144
0.7335460278659562,0.5670752867824156,0.5095671806145299,0.27656119331079887,0.7266601565176952,0.1230945182240415,0.19115117205102075,0.25870650677849805,0.15733887442613764,0.08352809976897577,0.06752813198944715,0.6003888888888935,0.16585122159158253,0.32182223796959575
0.7598385961539207,0.8017178358661868,0.28977468168406334,0.2099534274236018,0.49616602241111113,0.1447788232934049,0.2169295693605664,0.10675325668638772,0.1993112723056,0.05705537444255185,0.0418152665725932,0.7499999999999896,0.17671518385560556,0.4493957794240028
0.8892370077786819,0.46007920424152343,0.4833656861959802,0.24309217021488894,0.6234747356901695,0.24401943025738576,0.17431891732677146,0.24619937419557816,0.1425276832728281,0.1288921202319942,0.0740291675652633,0.6089444444444488,0.19566770878884146,0.3615987870798886
0.5709915444496748,0.7167848125373696,0.1558806133623169,0.27027456837387687,0.6430922029015963,0.25523227190205566,0.17456251097101583,0.23701613822988232,0.20854337967986536,0.13645126393875973,0.07727892135813798,0.6371666666666685,0.18556906516874008,0.38599681038241496
0.6596210618892804,0.5349079230434636,0.24952325252928864,0.17949416286012596,0.5025841104085472,0.22911989040700184,0.15651252270484428,0.226760739069996,0.17612801812009055,0.06151259391573471,0.10388340080356323,0.5969444444444492,0.2358089049784144,0.360698048110181
0.6847581495162376,0.8143669949647121,0.16355748528296182,0.1812549030310723,0.7049053408992446,0.16453731314487616,0.14414304221911906,0.21276171240447495,0.23035469749207077,0.1222049513046101,0.06841225529477346,0.6656111111111099,0.09840838691901509,0.37413179507815714
0.5067120316095681,0.5807540157875968,0.22654392480599653,0.16717156514146791,0.5601637011396532,0.2189306534017632,0.09628098506293276,0.24245999228001047,0.2436467272358641,0.10791704735538674,0.03545822276686849,0.5615000000000046,0.2080161225741048,0.298272120460998
0.5653571404399234,0.7683341768771903,0.2314873067263813,0.1850938446095037,0.6030309206607922,0.1090293609176144,0.20966998590866193,0.2025023999402613,0.13372100821633523,0.12978899199416613,0.04574889648118448,0.6540555555555556,0.14880351356533864,0.38823289800207356
0.8488467930783052,0.7658042224213157,0.29130080574257317,0.25464023566333444,0.5283559299912871,0.2526074413382857,0.17251294931235306,0.15391014016891047,0.18259811846026602,0.13020567474996,0.1162201817706754,0.7272916666666595,0.19614698955418974,0.41368460165959603
0.4705216161955084,0.5571804255955822,0.21600935786460523,0.2636713209494813,0.759436959292888,0.18314140314987482,0.1649261039431527,0.22164749618430782,0.13839889204098668,0.09835614187769845,0.06324969825077242,0.5500000000000045,0.16775603454343593,0.3724093708561355
0.6976791325317225,0.8604649841128449,0.19520510244080605,0.22607245101184514,0.687290731077553,0.11402554553216307,0.1343354297245699,0.10627752594903608,0.24200845946333438,0.09430115484920107,0.06962659786797626,0.70818055555555,0.10606308432388532,0.39964329810568416
0.6481339820102143,0.5974603083068031,0.4193388410172584,0.2463536700421915,0.598008375099262,0.13826443430897875,0.22720633446883243,0.1734320751739678,0.15410146989290296,0.042732085847217396,0.06883237690071557,0.6351666666666688,0.198147850190903,0.39080062771112695
0.7444042688597698,0.8237613795434094,0.2794441849382197,0.25669798695860224,0.739737221391827,0.1360071902153605,0.21873326059441323,0.17847341247756393,0.16750362116368334,0.1581826208440099,0.1013938765541603,0.7056527777777725,0.09912363460992622,0.40638273896641985
0.7686485779917978,0.8007287916307367,0.24397978450577318,0.16559205377329864,0.5087564294330627,0.10326138601250962,0.1602724995232256,0.14898716006892804,0.08462262830714815,0.15364619950492417,0.061978540845284404,0.7550694444444339,0.1431917783621913,0.4340624150860757
0.8755793148511145,0.8394497320087969,0.5871257658566151,0.20213730322871648,0.5272578469736595,0.17573153351772947,0.22130822051309262,0.25918101374279423,0.08706600630092304,0.15169880650038184,0.0894829326359629,0.6845694444444418,0.18777968871750872,0.39028995826519985
0.8315675461491504,0.8474234399602589,0.3772732805924188,0.236985857711631,0.4992794235574516,0.10267632211584451,0.19433535930204468,0.1931396975160516,0.22529817276078284,0.13136410860356224,0.06977826220004253,0.6611805555555558,0.24560207928383349,0.33634107996429274
0.5800057700547603,0.5954117236243381,0.16743658876715303,0.22423344223973196,0.7501928660230203,0.25417478595214643,0.2150763510762484,0.16346684055291966,0.2229687648054377,0.07371513397246227,0.05609602332606251,0.7273333333333266,0.07606997805363148,0.419969860563943
0.8223169943774302,0.8281463558738895,0.19275527251813432,0.22213219438615955,0.7571596468776391,0.1396568824440258,0.15934221826658979,0.17218459211171455,0.1485663957862295,0.05003848133315402,0.05672349919343564,0.7861805555555442,0.058472123894198855,0.45611349589973765
0.6527315766899474,0.5741867854407959,0.28155554391793136,0.18067442847434212,0.6920315335190127,0.26662469935633815,0.09132773106945757,0.18787931133100594,0.15365592741723338,0.12664997699658376,0.08720081639493493,0.6167222222222264,0.12353939522161919,0.3755941214086587
0.6140051055977809,0.6927201346410713,0.5282811014557505,0.24287070247228387,0.6410628086507083,0.260689280091549,0.15103656715360778,0.19940892039607522,0.21310146997699114,0.129720699686978,0.07115013676378223,0.6027222222222268,0.18894898512542246,0.34507827173311495
0.8011473261385048,0.6354097802975848,0.2565996275147744,0.17803862326458839,0.5068854198679773,0.11794902548011525,0.1112165614037586,0.10550652527661375,0.1075127832435603,0.05733872075852926,0.048781919775081936,0.7499999999999896,0.15232744254623948,0.4475349733430857
0.6061776057592286,0.7783643943235681,0.41803716601299223,0.1962622951306825,0.5494149965101744,0.16003617317742028,0.13078654101429935,0.15443333283558347,0.24266060864117495,0.11908161040579585,0.11004485923977976,0.6095000000000044,0.20949544941423462,0.3148388820056721
0.6387806992913498,0.5626407704537137,0.16112617016956937,0.25944420422796777,0.5333846861770032,0.12240535491314578,0.23102140528584914,0.2054753531491229,0.18453656067201102,0.09655877044400864,0.06058799380280831,0.6130555555555598,0.2638735602992382,0.3612757268634838
0.8815656847422715,0.47990823516948655,0.3292331860348069,0.2333188500441032,0.570210650743432,0.21858863538140672,0.1197279122243732,0.1595841991294989,0.22671040223409927,0.1317924613501589,0.12408110365113871,0.605944444444449,0.22349247490661492,0.3300678429572963
0.5558413027439686,0.6930743960947034,0.5967322509836718,0.21515739842021514,0.6724502408440586,0.15465102291652144,0.08991205659782446,0.24846466344410864,0.19714760950839263,0.04952619158261901,0.06549227410551961,0.5778333333333382,0.16871511996837005,0.2786827990695301
0.5426934169893363,0.7764497801040593,0.5939672698808709,0.19608789525446338,0.7359301886693762,0.14585667122452312,0.16560719812043911,0.09756111292851743,0.08717286852353222,0.14278703297278758,0.12338662197976111,0.6704999999999982,0.0915772932249687,0.41237786234838086
0.5266961953463356,0.6949198787055643,0.3955973063359347,0.2371042207592815,0.5346335503282647,0.22040088263113194,0.13323068722896564,0.1974502628603201,0.20886524345231322,0.1534508252210829,0.09462792437046118,0.5816111111111162,0.2639348117252559,0.308881126909036
0.7661250148158583,0.7088881564248183,0.4441885172026222,0.25551017272953147,0.7254046878485837,0.12898370809294593,0.16032462714576162,0.12316190902489416,0.1265875082271149,0.050701221759473426,0.11657713721289921,0.7448333333333235,0.08781548707052014,0.4189229101748609
0.5975236626549194,0.879700084460876,0.18707814619171284,0.26801807159986724,0.5747393534692542,0.1845866905382076,0.13268073525078183,0.2474034425194133,0.17584284402102104,0.1358379266491198,0.042071613524663896,0.667944444444443,0.2075994765803207,0.3802250139864049
0.7526036513855237,0.6301210891067499,0.4589345116783712,0.22052779081789442,0.524212580322499,0.11899556734584114,0.22092099271251991,0.24916823739642757,0.10005846995752052,0.13059648895789208,0.04225808826811441,0.6289444444444473,0.2325388274940635,0.3558237026885624
0.4994733534397843,0.45503877999820197,0.19149392860675465,0.27839881292587465,0.497226911316518,0.20661299879333253,0.11348862994450895,0.199529862811811,0.24921835915861956,0.09769832313978805,0.06138855078780539,0.5500000000000045,0.3400809422618867,0.26810855302305686
0.7314526574543205,0.7408020981940453,0.3577311656862544,0.19405964521810343,0.6797285209144144,0.11846164990684904,0.0816616218860876,0.1461004272541773,0.20127923690061622,0.13710209393172848,0.09221537216995468,0.6385000000000017,0.12519155738295343,0.33523209725183734
0.6402826152633393,0.5814021779664634,0.34376920709089137,0.2527371489183008,0.48202027330796376,0.21775049244629724,0.11728098668923828,0.17087431524947355,0.23083577132251232,0.10166387999947651,0.10534364377321602,0.584388888888894,0.3149823971702567,0.30177055603436387
0.5768840980971001,0.8194920480751499,0.5409289137615433,0.2616776098090291,0.656724586207957,0.19361468466177595,0.16839937180109601,0.13231610874343872,0.232903256102462,0.12762472076829448,0.053137682518961483,0.6293888888888917,0.17721214277656888,0.3620446769820932
0.865507191542535,0.8811818416670194,0.4726234121502434,0.2083018436921397,0.6930291829152683,0.2149647618847566,0.10166419734671525,0.25685793349904695,0.10131035260196265,0.14220269402461996,0.07768262341424766,0.7315416666666599,0.08949127454622018,0.40617699916332844
0.4947450777600749,0.636694659545027,0.5155872230173727,0.24093188221374984,0.7155145036951929,0.11710854736890879,0.13568169544034078,0.15641063685782713,0.1960030229293399,0.08562338704738738,0.09155823382947872,0.5552777777777823,0.1731895182167489,0.2946065300222605
0.7783333385895419,0.8058940463396362,0.2786082952584169,0.23736329868962464,0.7051450043202149,0.12141541645685197,0.14482144880228232,0.23992781346451783,0.18711367666240808,0.08413527935580875,0.11869260576320513,0.6596944444444443,0.12554476928534075,0.3510285957698057
0.8970785400496455,0.5615410226094735,0.35389039394182936,0.1716361389276983,0.607504960828544,0.24974165422627304,0.23900428788216022,0.18948926851148346,0.18061942032671896,0.11807243446585361,0.10462273630252554,0.7279999999999923,0.1078067644378437,0.4199457394680365
0.5361281355880947,0.7745452868005398,0.3080250513302377,0.19959960143015806,0.6020172405922407,0.1731294047570533,0.09215960541999618,0.18162722309902363,0.08289356931778755,0.06848005740135744,0.12420236113637363,0.6784999999999973,0.14519528217813957,0.4032416414938652
0.8461974769762262,0.7642429166644066,0.5259656863109262,0.2520826022941678,0.6641042096023041,0.15670724917580164,0.15850135732554915,0.18444239402234247,0.22472754984770132,0.0601767076917786,0.10735125752782755,0.6525000000000002,0.1552060967491262,0.3545540036172666
0.6502853073552844,0.4745595977625629,0.5674645913895983,0.1686286302351987,0.6753626049918824,0.21954922365032897,0.19967703686981722,0.23851597052856416,0.16804936360561343,0.05653344892778507,0.0849283731284069,0.5500000000000045,0.15435708791910704,0.34939436094989484
0.8358825249821349,0.7734877091546124,0.5706688241555105,0.24643613552005847,0.5236773448199693,0.21237278699463674,0.17068188189234335,0.16134466721472432,0.24837720128803398,0.14827468202997027,0.08193423257292426,0.6352777777777799,0.24806337373515622,0.33898240545216635
0.6624730856871875,0.8941909883127312,0.35915691799109994,0.16960368411193177,0.6360375397959621,0.1947472626355048,0.23509811228229488,0.10400826740243789,0.16819575046758667,0.12202807463314591,0.08748547530311794,0.7499999999999896,0.08793889114838586,0.4717354917843872
0.5955141279290728,0.8684297024462277,0.49467314870691026,0.2602368451227023,0.7286293408772222,0.10786042440727056,0.15496794133732772,0.19447924897986757,0.09368888266860449,0.1373638832389288,0.1221397964977188,0.64438888888889,0.1334851576415368,0.36583226565520627
0.7698655525067744,0.45708657629242805,0.33707065320469,0.16463365709753688,0.7111831513955924,0.20313737462743048,0.1673626321677028,0.14949863741439065,0.22347436286735484,0.13432165970033666,0.058834765009855856,0.6076111111111155,0.11274029683115842,0.38302132429451186
0.7225857810220333,0.8073924280202214,0.522707657729885,0.1987513119008533,0.685731796463278,0.1470616526110597,0.08094383369716096,0.2546978470129771,0.11117978323431106,0.15528073094880152,0.05500947586816833,0.6412777777777793,0.12364067110206987,0.34763874345601947
0.7748836555104771,0.7752638576027828,0.4782918475142818,0.24355026676050312,0.4826579478763254,0.18654012275203527,0.2094228669311713,0.11536530338997986,0.19502960894037605,0.055425815287668295,0.08421795119684251,0.723944444444437,0.22233215202198353,0.4152921746225594
0.46281741998653375,0.47521492463160636,0.5429226548508892,0.18339650006754749,0.7185530168683529,0.25919342971972825,0.22799352637854525,0.18540129311367742,0.1602080155325496,0.10362648245879791,0.0370888986967927,0.5500000000000045,0.14343540441279187,0.38000249952387793
0.5789856765616117,0.46966556325926867,0.2769346053334131,0.17675717397716276,0.6092482564839763,0.24297076617019925,0.14338797352187457,0.1810478698814421,0.18932026769802057,0.05302396122290492,0.11314189416791405,0.5500000000000045,0.19165418602689302,0.35905807904271103
0.6233588525744664,0.45853468246183554,0.42473245523053216,0.21406452736560333,0.6033215423271854,0.20419482382528908,0.23644652316902243,0.14273264908110145,0.16606570533663084,0.0542084566154036,0.09006202475411107,0.5500000000000045,0.21883643779327414,0.413605272911576
0.7207160423696268,0.6824307596714032,0.40197917391487625,0.27256498608791024,0.5593087989790008,0.2135010474878713,0.1382759772516838,0.20852582583802898,0.2080714949538761,0.07825390212906441,0.04713542191272535,0.6326111111111136,0.24303041293254896,0.3531427844504905
0.5369317740201377,0.8310584027197191,0.3345581567673901,0.22684776633840964,0.49220982437877964,0.22154420584616213,0.0987538857655702,0.15557542304437108,0.18296462368981142,0.06791570510238552,0.11413889400424239,0.6436111111111124,0.25219014309352067,0.3640821662424909
0.7236405914473298,0.8106807629291772,0.41361096794540564,0.17421915890487993,0.757266619810926,0.2474998791915263,0.17337533180747344,0.10013683951414383,0.2280625158175354,0.04876758000610078,0.046113300828826184,0.7499999999999896,0.05431828348130133,0.4505696186037229
0.7820593441947095,0.7600666577937063,0.282336600887128,0.20520339539181937,0.49260251632828794,0.17376015085334934,0.13015922038702413,0.15075977685714465,0.2330799667921135,0.0633095894086565,0.08217770446635804,0.6706111111111094,0.22025620593978656,0.3760313903999098
0.7038138882525744,0.8946158699852059,0.3894423007805088,0.2192627626862793,0.6132028356198804,0.18053039205046864,0.08846307255869937,0.16612702751784014,0.17321242903434728,0.04177197851702145,0.0786423744075856,0.6993888888888841,0.13949520468547136,0.39185958669385934
0.5821512198089694,0.7422720700730399,0.5989557191775159,0.27403553604212927,0.5031928323983657,0.14113535340609296,0.0856652694838688,0.23539377410339,0.16316234931209497,0.07389759640678142,0.11460097646221858,0.5849444444444495,0.314492351968727,0.260707294033706
0.7945138678252374,0.6975526150289357,0.46399141019630064,0.26562493070021836,0.6972237784384361,0.14526476566798555,0.12804912686845826,0.15827897269540234,0.13935938690335462,0.15725203376801342,0.03639585338485583,0.6709444444444427,0.13662905825881236,0.38286762056356477
0.6887607793187976,0.683233798815538,0.41111288237413,0.20767856268502324,0.5564227237791988,0.2583105736946084,0.08632166511950395,0.20146517361863037,0.15312039353632545,0.12066688268113465,0.06078007543160102,0.6349444444444466,0.19879834358686072,0.3629615823252749
0.782534104630841,0.6880584528760394,0.20352322890043573,0.2505912236767415,0.5368766446725692,0.2248725682601589,0.20891978756708207,0.10191623509661246,0.16279610954174062,0.14225123067402276,0.10193055616201217,0.7499999999999896,0.17312312945828137,0.46318490049262573
0.7231010251031641,0.5794130544719837,0.20107213385448605,0.2610327869010973,0.5756933861459854,0.25842993457325353,0.21141710944272563,0.09727323606794903,0.23930189519512363,0.11862389170114113,0.11104426050355772,0.7487222222222121,0.1558744082933873,0.42003630742674064
0.7855314849498463,0.6462102564913323,0.36706352291816646,0.22726201248814445,0.5110974947936722,0.2597849642360346,0.08930538692535246,0.1891639283970902,0.16600296372550302,0.09463782311756545,0.05213699773451075,0.6496666666666672,0.23468568192241054,0.36888068023988774
0.7653395621295107,0.5105242452737296,0.38868572815452385,0.21298913089334068,0.5192426813429878,0.2384423237429487,0.14539551563223546,0.10053921501732051,0.23164225471054017,0.08505258486736861,0.11094882864082277,0.613277777777782,0.2395371296801926,0.37715183126753443
0.7141875641626172,0.6118838729485362,0.31816290596085817,0.22008825212487276,0.6696199606607207,0.2699481331179442,0.1461378699217254,0.21011309875634948,0.12574322619374734,0.11280161168772898,0.04839205483579112,0.7062777777777722,0.11103392980795389,0.41956833804418864
0.7366744944245169,0.798344945014838,0.18569155772152052,0.22259746347970016,0.7271402673259073,0.16737543727792914,0.13630711880321922,0.09256712488593628,0.11301655418550631,0.13510009153145852,0.10574147461103042,0.7515972222222117,0.07460316807150623,0.5038638083871247
0.5314217275695625,0.8616060038530791,0.42062776774697586,0.2375325914560802,0.5441948521264084,0.19297413614343284,0.17939099513468187,0.10816898156377858,0.18209527393809266,0.09147785580357967,0.0582367244611563,0.7019444444444394,0.1879363852050867,0.41244088149874447
0.701622629110865,0.49711763538167103,0.4268918738100299,0.17238204239962457,0.6679135719393892,0.1899547094734076,0.1670106484227011,0.20911305342613012,0.21339712396896332,0.12048090166858957,0.03967644203983832,0.5809444444444495,0.14581951057344766,0.33790403603183444
0.7440061078415954,0.6793219711374667,0.19429966371971039,0.17755344870366493,0.7497818589887534,0.23151957430281475,0.18427860390289336,0.13852644814129542,0.10783285747128063,0.06945195501601618,0.06673854742147713,0.7499999999999896,0.05683007227378892,0.5310464248409595
0.6858807057808334,0.7900177298328683,0.18911212886854434,0.2752716661357016,0.6603463634176481,0.21426037822616065,0.14967836578207122,0.19858733742664927,0.13123103300502947,0.108645729186234,0.10800805829567055,0.7489444444444342,0.11921435190250144,0.4199036937035656
0.7085831150513151,0.6137790951758879,0.3053399446984787,0.22746997417280262,0.5065382726311174,0.17688018056089747,0.11746050000018057,0.23862964531210995,0.10063044667090021,0.11450930838351006,0.11735183163390336,0.6150555555555598,0.25858481013885626,0.3412371930937029
0.7860310177498966,0.8753992998597371,0.5817802154993107,0.2320209587595387,0.6082826302802808,0.1472164037611257,0.10208697458215533,0.1121867028812349,0.14910001314228893,0.15045697837792896,0.05597349062643039,0.6941249999999959,0.15149687607578421,0.3880956934320854
0.8482891930249372,0.7908837963514659,0.4374196627250766,0.22473056316733547,0.7458556272905668,0.18474905390532542,0.18930880563576796,0.17628558875300981,0.14364254095430404,0.06643346321936935,0.080509814086458,0.7575694444444339,0.06845472554837412,0.43324915084552906
0.60119324367048,0.8510974830283236,0.3643822402478873,0.2639585982721038,0.520242535720735,0.2232012390755741,0.144602974666461,0.13202737871934678,0.11196047276489594,0.12443377820242457,0.10877228655513603,0.7499999999999896,0.19186682366044788,0.4221718799302202
0.8402194797007079,0.6735422983266272,0.563160389295828,0.2792846029250721,0.5701210012435088,0.11687032089375476,0.21478696384835327,0.1449879850682279,0.23983915131976785,0.04104077121826502,0.03839986793557148,0.6639444444444434,0.22071276183582156,0.37630875257498503
0.5239507236435684,0.5497412792579928,0.2585188541447883,0.20858747561714577,0.601239570956515,0.21207298135037855,0.09995114024484184,0.23076270571812046,0.23674019655086376,0.13371604974336743,0.09096286416434704,0.5550000000000045,0.21409859220160157,0.27239561088078124
0.8273449410309281,0.725421002329605,0.44851350625113384,0.19756930986739898,0.5800021249221033,0.23318148910435954,0.16906487538200848,0.09123986518367672,0.09061226228262528,0.06284029118193232,0.05375217845841239,0.7499999999999896,0.12243151037847129,0.5292624212287343
0.6251250006017641,0.5451106088859832,0.5021260612982996,0.19100766653587775,0.6292448958300209,0.18895850883296694,0.11259394921725485,0.20870111661491597,0.10614732762078956,0.1597231538747069,0.05092390879761069,0.5702777777777824,0.18009519138512492,0.3334233080877525
0.4760392333678313,0.5867524736087399,0.5117995331302508,0.2489352840016734,0.5921262106264763,0.10106745819389924,0.21803127756593088,0.1434401367120785,0.23260287971148352,0.06636475270364287,0.0883050558247483,0.5500000000000045,0.24938621720091014,0.29054400898757554
0.878559187851045,0.7951149524103622,0.2941627201086354,0.27469773854141816,0.7452190903499543,0.25345439287980176,0.20375761537301632,0.2169042081690926,0.15598857927450713,0.1334199361628924,0.06425635766518568,0.7711805555555445,0.08029365694158726,0.4446564618750082
0.6458688860938003,0.8629027297051692,0.19661245859270848,0.24021964220546288,0.6059334102051009,0.12048904635396007,0.18170358676319293,0.2099603821861057,0.20994014340824563,0.1287043584103662,0.0762217300776751,0.6515000000000003,0.1803339349975175,0.356823665735847
0.6973765098679885,0.7563118141568758,0.34849614344351887,0.1887056996375927,0.5511899528485297,0.1324087855675018,0.09252068513319225,0.20485461776912806,0.18362492870678895,0.054002542269017184,0.037287964955305127,0.6473888888888897,0.1831098329321361,0.34780993197406185
0.5519387473822975,0.5178902214142713,0.3520041821083586,0.2342011487380387,0.7506421016478242,0.189630432004601,0.15550417307611325,0.25843547012616497,0.2345346946942884,0.1594575556827177,0.03510464190428334,0.5500000000000045,0.15593655288347186,0.2898029673154744
0.45021788071314045,0.7822560496638079,0.23859489923889896,0.2496675113245943,0.5851284098135627,0.12933210935052308,0.18741928012205938,0.11904820765340395,0.18584993818994672,0.044544140989379345,0.1183398078562959,0.6240555555555589,0.2147772155926046,0.38484356397685504
0.7297089505750434,0.6336949396520531,0.3195183383130943,0.22955872951553513,0.6122214521813788,0.1977508158614966,0.09840765063786283,0.1485019157390935,0.11533977452465766,0.07018835721408911,0.08871456116147215,0.6982777777777731,0.14581426254365595,0.40751039721996435
0.6334240621413763,0.699588425691712,0.42790731693959694,0.2701362023270563,0.6372440883106011,0.21288781574766208,0.22010363574426461,0.09539420471152606,0.13206750415868557,0.05216310467113665,0.06499506343642672,0.7499999999999896,0.12719891231798142,0.4776757946913474
0.7838502566314489,0.7475783673388481,0.3279616735404105,0.22393348358383797,0.5717249814333034,0.2732001884368974,0.11522250668130574,0.21474605744055988,0.1751634829948619,0.13837232165485336,0.09662847753386415,0.6611666666666659,0.18520956288911467,0.3770641190615141
0.6424902279322113,0.8443328559138628,0.48952115563655585,0.27284324587402287,0.6281054061049438,0.20980119620385312,0.19550586396705785,0.12998356991217672,0.23968986153256122,0.06953232508030896,0.060996165027470434,0.6767222222222198,0.17272758610799102,0.3980280397354893
0.7624744281310998,0.5596466929257073,0.29671922927048955,0.2606803265087497,0.5637235436372884,0.23069048149772356,0.22035816564441046,0.2581648414916513,0.23756118408104632,0.04860926737346853,0.03530220458724587,0.6309444444444471,0.2324964698049842,0.3764023896991643
0.7432261125097994,0.7847070448688036,0.33012046985430205,0.2798585605201294,0.6421991432367444,0.263292879024148,0.22290191391882003,0.1455447292780708,0.12626489840689376,0.08993613289128233,0.04194953144368448,0.7499999999999896,0.1291639576097504,0.5109047735805862
0.851103663786362,0.6151940581498333,0.4059888591926143,0.22348916370125207,0.5014710980905026,0.26000041635158333,0.21749737102505784,0.22962245152604072,0.0802112784522297,0.10189728645562014,0.039290108726165486,0.7499999999999896,0.18097230603051728,0.4458157026307355
0.8408491975780692,0.5216498129596301,0.4009069149246959,0.23954495862146205,0.7018968978562149,0.10494732794955568,0.2291754272377844,0.1369446483477275,0.2096768858601149,0.05279945256184202,0.10033053632174185,0.688166666666663,0.1141592786353526,0.40409988647750145
0.4689490320980803,0.48654676373916156,0.2373684896395091,0.17786104539405995,0.7179974134726477,0.19142612488024358,0.12458226598218562,0.20574869287529718,0.09699097897134994,0.11926156960930662,0.07876661383932755,0.5500000000000045,0.1408953474075608,0.3571929101754735
0.5539532242658046,0.48288081830367846,0.3461950742020488,0.21621120406900154,0.5839747990026222,0.1943636450968783,0.18068062061198142,0.18228787351038556,0.12002808379201223,0.1201214588049796,0.11154051657739135,0.5500000000000045,0.23201372336065587,0.35110416097075314
0.6763530685690383,0.496317160868623,0.16533112564186644,0.2766487408210667,0.7399208404118467,0.1550124606546046,0.2145298327378235,0.11758142987561712,0.13325268226160736,0.04213573452017546,0.04673402667759682,0.7499999999999896,0.087977648572482,0.47376262999650076
0.49816641280377405,0.4998920465876768,0.3264160701333139,0.20689426925668142,0.6259220115440269,0.196346805627575,0.23762636182635072,0.10117974431171925,0.19124978481013805,0.1249989479540351,0.0945288085157768,0.5500000000000045,0.20129104121217908,0.39161148978600857
0.7539265830434311,0.6616130991692987,0.5045784266800248,0.23979509021349588,0.6477403415997783,0.17067155436295178,0.21626771465595213,0.09793276754812964,0.23593191043732253,0.10585150845323929,0.0904327828982229,0.6654999999999988,0.1499270925838336,0.40123759685341076
0.609784445522534,0.5071299741954158,0.4585071062374305,0.23100649032299703,0.6322144543903131,0.1538761092118972,0.09020902075222241,0.15189791126945193,0.15500230201909143,0.11828584729539837,0.05102460491784041,0.5563888888888935,0.2100717723445032,0.30772623467207355
0.6056273382479975,0.8832134974788586,0.1591157318219329,0.220327783735848,0.7597597453720398,0.16320481251125035,0.19486851235647762,0.12449823574456165,0.09938219538109247,0.09880991019376673,0.04399272813880842,0.7499999999999896,0.06511628135108523,0.544096920464467
0.6689647826967334,0.6333284116199728,0.21938730976193446,0.2327091724610298,0.6760359105028738,0.21561850873223642,0.23292239859767916,0.13689965972531212,0.24801619939412883,0.1354826181589661,0.11014371833246435,0.6628333333333324,0.13409349301213125,0.4148491454038381
0.7677758296279091,0.6402892966978057,0.20274249002867445,0.21773319614683506,0.5331646543844059,0.11945124916430983,0.13718059066077404,0.24667561641283123,0.18768274391737427,0.09376855043322604,0.06612302851037216,0.6293888888888917,0.22406141385811823,0.32856246629418284
0.616619427263549,0.6266629404950387,0.26535298273875685,0.2346457845903117,0.5316083933929105,0.16482038235354,0.1087593807178269,0.2519094318878432,0.17943447026401244,0.10562956105718083,0.05967819411626231,0.594722222222227,0.25710736169299897,0.3084826472410632
0.8685253765632179,0.7211656455092612,0.49246535544947534,0.27053046307410356,0.736823648783955,0.21326982434935388,0.189634717810661,0.17394948390001458,0.12315367173101144,0.04029283123747065,0.11447970687927436,0.7499999999999896,0.08698840114060044,0.43846974842204384
0.5625623839603099,0.5439490010922654,0.18416834161603401,0.21828219439808383,0.6064447409159127,0.25372873503121973,0.22425001464763145,0.17754464307006207,0.19528169984324234,0.11296547374482055,0.04467745512163097,0.6432777777777797,0.16948328335789992,0.4199724927366978
0.538155794120625,0.519161758350716,0.4262430043691676,0.26219317018213784,0.6549616009597659,0.15331151843333357,0.0836680899572178,0.24074716355072232,0.21287136513445276,0.14732785993103828,0.036868797996469,0.5500000000000045,0.22013542981907638,0.24005372445283135
0.7615222768537266,0.7785460412036949,0.550186889301819,0.2576582610259515,0.48939347978356657,0.1160423770363567,0.20129737803141617,0.15311137466039304,0.23885793710735376,0.05163028559387902,0.06790709442132242,0.6429444444444458,0.27842578218473046,0.348690205036462
0.8430113392929419,0.4854121273034795,0.34469443194478355,0.16997565766076583,0.6809119584625092,0.14150011355937545,0.1861859606266839,0.09920153230476586,0.22171611278312758,0.15853424503292018,0.04895042341357424,0.6718333333333314,0.10012079031929205,0.4071025111812831
0.7555324053617014,0.8185426263766996,0.421406999259595,0.1840012444257209,0.5984476828569044,0.25786793923093365,0.12274503485993134,0.1715772792434015,0.12093839474540913,0.13402528773466643,0.08438523038355877,0.7499999999999896,0.10821688996439831,0.4241445804726011
0.7649542498842463,0.8955167516088722,0.3817778954288885,0.17274477871081823,0.7558136857429896,0.2155382809053133,0.14309689166524997,0.18055961753191319,0.11407420260382486,0.07637723923275787,0.10004517138603561,0.7684027777777669,0.05081018875440954,0.46358359137934085
0.5059293938965831,0.7203320411014154,0.4565870937286476,0.23400099289735213,0.6313837616543762,0.23645418869349763,0.23668130805710663,0.1588754721990452,0.18988387819319638,0.14451861704446173,0.09480741684323918,0.6023888888888934,0.18899332193543297,0.39354390865687044
0.6511862614819918,0.8071060543723686,0.34012931654149703,0.2307685227593957,0.5414887931484225,0.1696143430061977,0.1386408736639385,0.13389580611846494,0.1026873205908786,0.08845342617793586,0.08540791160128591,0.7499999999999896,0.1594690495693531,0.4318583431794865
0.6118610192207801,0.49842209971597085,0.24243780349179736,0.26907294607503374,0.6906256176830209,0.2379662034318173,0.11849338958277035,0.22050043860692897,0.18085838790528116,0.0950851828177392,0.057653463328372595,0.5729444444444493,0.19380183134457807,0.3471990130304293
0.777353913268086,0.8736225001164425,0.18678545142150385,0.18002794247394202,0.5434451842099465,0.2223748246126684,0.15472604060743578,0.14413404819360895,0.13754568335615616,0.12356438245690748,0.1205993166860293,0.7759027777777666,0.12486023718485612,0.46760478912821185
0.5041614986256241,0.6099833222359072,0.20817527049472423,0.16547767466165975,0.64549820865792,0.26761885839193045,0.09048290332274742,0.10436439455886153,0.15571329209748203,0.087214526960765,0.12443643974044691,0.6255000000000032,0.13185313752106156,0.4083469938111141
0.6899050604683783,0.5991273318340464,0.1721676544427931,0.17602336065697108,0.6755726329257008,0.2627451987949523,0.22672066180710754,0.14792138053606413,0.14668516142595373,0.13936028088703992,0.04316956703274863,0.7499999999999896,0.07672484441872723,0.4895301359755852
0.5688991984801142,0.5274822525780999,0.3382876936609731,0.19660937646614246,0.5572345537597626,0.27783431000004155,0.11280729579734947,0.22991193305859822,0.09822149678812658,0.11402363983569005,0.059200610713405204,0.5636111111111157,0.22876292233641812,0.376882188822629
0.7066470482630707,0.800002208607064,0.5781973401005049,0.24380967880504972,0.6268052113543547,0.1968418632830965,0.09668066815475614,0.1005774343375954,0.10641312169950583,0.07710360120783774,0.046651744681132305,0.7499999999999896,0.12056442102558239,0.4329326598729746
0.7896543305416266,0.7074550751812136,0.4493898232021395,0.22874631957234848,0.547034072206946,0.12477887200944184,0.08249754063045803,0.19810029858285702,0.14937724020217685,0.05694330889395817,0.08452985823943962,0.6402777777777794,0.2160503351520901,0.33342345866382433
0.8615868034745793,0.72252727095473,0.2128420839780788,0.16076512283163746,0.597451761442053,0.2145112173338673,0.17819518227049935,0.1968695790710855,0.18376307888214946,0.07954353846678025,0.09975028267457782,0.7450694444444352,0.10191069506029196,0.41803795291910184
0.5022319330024747,0.8907618621551885,0.2855130386550899,0.16301619625762184,0.7312983005400394,0.12816071520888267,0.17575300821016665,0.1473313718751639,0.13547605723103254,0.11698886201574424,0.05443922496037982,0.7404999999999906,0.060194464752306706,0.4188404184364637
0.7545859493741498,0.7974053300047929,0.18506522012115578,0.16763008046230998,0.5855494078002073,0.21634842133487986,0.13405150655837597,0.255445620217722,0.12870599422778584,0.09271082962998248,0.11506600944431439,0.7142083333333272,0.12175929007315192,0.41016043348998715
0.6271240537553431,0.5513309560917765,0.5725685246326746,0.23851316453972418,0.6230003386456019,0.16599145529637443,0.09472544410510851,0.10141997323029767,0.17540285950289528,0.10961839672774581,0.11271574239433908,0.566944444444449,0.21512539329532912,0.30594324768838055
0.6122431662783274,0.8372208841756037,0.2867119908022991,0.18964762446263356,0.67364768501606,0.25473326490179116,0.09777157500465188,0.20720159389944726,0.08754933944780721,0.06594217482606629,0.0656355102910481,0.7499999999999896,0.08164627636657912,0.4705547557927694
0.6243605722146406,0.8331532790456804,0.3135707444848943,0.2041275908569465,0.5757914729138619,0.17257526279266347,0.1429680993681453,0.2433921318428272,0.22062427359709635,0.047671571965333684,0.12209085051735508,0.6301666666666693,0.18727341365903494,0.33477211951567204
0.6204246746936795,0.8299953852532456,0.32171015905036016,0.23609982505857613,0.5736034416127708,0.19725458292853804,0.21176714843302424,0.17294281776385897,0.11574507599657591,0.07592660794510274,0.05198859505138877,0.7499999999999896,0.14378894349184937,0.4580741538421498
0.6905160298046694,0.58578453606734,0.3328972454809328,0.20561475724984934,0.582632110019182,0.252121159810547,0.12835946299559944,0.20406066440577536,0.13686677788454232,0.07292307857347394,0.09318511648489419,0.6350555555555577,0.18156662817867605,0.3891844569926084
0.8502409306115567,0.4534939404891848,0.5556854953235741,0.19083931001512472,0.7468370449235159,0.2470302480342468,0.21939356741198468,0.229132456930307,0.19800952772488195,0.12130078598716493,0.11190742582081366,0.5972777777777825,0.11561328375871559,0.36790993088199764
0.5924898253327094,0.8932292185506486,0.4414303227895132,0.17708914425794015,0.6441020492800479,0.1069401389203959,0.13730628480107976,0.11822537700991767,0.09518030277075866,0.04224682634729768,0.11357469210722515,0.7499999999999896,0.08762883500215796,0.4226853334308612
0.8001120341278232,0.794615572958393,0.24592886257713248,0.2310698706293135,0.5543209312661052,0.26099639457377,0.15443750938791032,0.18588680729643736,0.24867959985561594,0.07040768311416097,0.09642136523956318,0.6912499999999967,0.18484002798518662,0.3935053539831127
0.5189968291105501,0.829254273443806,0.22770736730844604,0.17540089710181944,0.538226307529106,0.11000074315918518,0.13033218630061166,0.16664840209943038,0.1906714942734116,0.1242267496103901,0.07327731034097694,0.6243888888888922,0.1946614003251909,0.3424306918717714
0.48612140979128043,0.8711721964466677,0.25944320738817167,0.21353316441095904,0.5410115067886547,0.10189010592962394,0.23351756396282175,0.13288535299706775,0.21064633688715378,0.058987430758994,0.10426113353772237,0.6360555555555576,0.2120614479551055,0.37362891588332026
0.7285218365206633,0.5131986570507827,0.47107887023130446,0.2446646208867359,0.5169447780052413,0.10109493449416884,0.1802527945983825,0.09012390947963653,0.1994270417942837,0.1440324128995131,0.06227429591220373,0.5946111111111159,0.2755242461875112,0.33873342854883576
0.8707954209829889,0.7329236047091068,0.4819186185221468,0.20418686591319646,0.6262654186721173,0.2377541570998773,0.12717484502502,0.11579205071801699,0.13032940227570258,0.09522330575496873,0.04959405844883015,0.7499999999999896,0.10446958607787833,0.45374651999839266
0.8538010532570669,0.5839477787633555,0.1984094050528803,0.2614983996661492,0.5812927380471432,0.10033433036769346,0.14080325661785442,0.24841482038765453,0.12959493569247652,0.14372145889705823,0.08205555676098628,0.6358333333333354,0.21837091367183753,0.3345611766597725
0.4799030245158876,0.8589321791930046,0.5263060424367039,0.2359267677933365,0.5457876099479743,0.256703410110246,0.1457768343194265,0.2289423383002124,0.16450099816616692,0.07235926861477635,0.10595661708863552,0.6203333333333371,0.23349503555923956,0.3621805101931487
0.5010653665967977,0.8170618216082967,0.5457782829823951,0.2757179031635747,0.5694150872744652,0.2268330220469779,0.20708594891819015,0.2181535668132455,0.22389989170223945,0.05792616028806903,0.10120100797444688,0.5996111111111158,0.257867769825993,0.34240212101413336
0.7301799886927923,0.64268118303954,0.5844344827121588,0.19418347988670778,0.5587976928962443,0.1851204571891385,0.1863610041501906,0.14011248596781134,0.24400799423432146,0.14772758084986778,0.0998551627154744,0.6026111111111156,0.20587905012193602,0.33036815331574104
0.7571927246792578,0.5483856706900048,0.41723333650253513,0.1618127586778206,0.7160909403260544,0.2644887838658885,0.16120884226307303,0.1683900727051887,0.10864741185464825,0.13498310510152367,0.061670645016177514,0.7499999999999896,0.06121462977291679,0.4240659458451139
0.6106087815428345,0.5114156204833339,0.3043746996149968,0.22852019338589868,0.5614129571419474,0.15402593058106032,0.18192261997394787,0.1302802564370432,0.09407532103240064,0.10198299636704855,0.08934706693961247,0.6027222222222268,0.2277016098166802,0.40691666693001177
0.8086358813053303,0.7384665675697146,0.2400704835141862,0.21388155842069528,0.5547777405005712,0.27605360800412754,0.10769581553164771,0.09605849929369048,0.12276624851824602,0.10333715499079912,0.05281989773673339,0.7499999999999896,0.143132635106913,0.5032635539302892
0.5513112489050995,0.7022076816768317,0.15833988020148015,0.18063228421892732,0.7165608095739873,0.23746445807485117,0.1056188555888753,0.24294309590012098,0.14098694266598286,0.09824170279308062,0.0815045189613264,0.6632777777777769,0.09502714977781326,0.4021355813344383
0.5081289672631824,0.6032163212529242,0.2577923887872049,0.2481026099553006,0.6538798825963845,0.24480780646682337,0.1114080863387516,0.11788039827227537,0.09658385847369805,0.04905114582074477,0.04755492204438826,0.7499999999999896,0.11032640369306593,0.4482702734765745
0.7512634158010563,0.7527757997326145,0.2670058297291687,0.26824233325909774,0.530105006990437,0.10048995020430472,0.1251648094260155,0.17978280262412583,0.21491068738670793,0.1502731499850538,0.09569008933016093,0.6288333333333361,0.26344361043385633,0.30721502678316265
0.8034271181310289,0.6863041718617676,0.1743129410086392,0.24424358879278701,0.6099725801859714,0.11195255859586191,0.08919387823976871,0.12967091097481714,0.14339392383399036,0.12458541343010512,0.07486900949251574,0.702722222222217,0.15242857027227902,0.3973871824728725
0.7077269967480754,0.8519325092796304,0.18082574325841602,0.1827199480176452,0.59405482088171,0.20831419865371895,0.15577961209279073,0.11181082290116673,0.11724826400488264,0.08650531173122733,0.08346331860199598,0.7617361111111004,0.10633822275449477,0.5250726028997278
0.8068014169867648,0.8027809595897191,0.5979152746883969,0.2665175196613309,0.6179527111978496,0.27954098882537315,0.2393392170306528,0.2419613221036728,0.09544221271869403,0.102634786370631,0.10756721741963551,0.7499999999999896,0.13505109714526978,0.42215253261699076
0.7765601425926685,0.6321540902983241,0.2935997807747903,0.24269371563490438,0.6199597936002783,0.11267100918992361,0.22499422320487894,0.21103625433308937,0.17241927458026296,0.12810306299468907,0.06694109114969599,0.6476666666666674,0.17596439754067883,0.36670899288590797
0.7981649643795766,0.5965174885926517,0.19710601238018657,0.17902604396266075,0.6006243209871952,0.1345768665832315,0.18288189964682822,0.23269790754987155,0.09581774081060823,0.061753680089520015,0.08967960513931855,0.7091666666666607,0.12173138997946421,0.4113435612569459
0.7568586330755939,0.7133830087557914,0.5345597315870613,0.22143557492730997,0.5049540600326047,0.19336815661547807,0.10188467068506421,0.24205593953179785,0.13718442329667566,0.09310919060297934,0.11796149641469394,0.6177222222222263,0.25367605507318003,0.315956053566872
0.6943724798003961,0.6528569346382611,0.46567899056507145,0.24614978756376482,0.6781147894203094,0.15095623801537628,0.11954754229790251,0.1868399332263488,0.2143596987154876,0.09953783519950318,0.03982375730257051,0.6123888888888932,0.1661768227642142,0.32455422119292165
0.7803633843759895,0.5363839251367424,0.44706753377456376,0.2108915370903806,0.7219132509567111,0.13536531305316038,0.08192953549677764,0.20767199324560195,0.12148995854519329,0.11714792235863256,0.06378593189482064,0.6073333333333377,0.13009893160475247,0.32642908642726415
0.4771351897219755,0.7878475545697718,0.4608467369302305,0.19493985913363393,0.5339997684931481,0.188504711279529,0.10888327359149882,0.12873449411550048,0.08519187453920511,0.08659624517857004,0.0757749556380384,0.6980555555555509,0.17082835828375975,0.4147225967055755
0.8833411526705487,0.7305190071543701,0.26882748727464695,0.25438405012610577,0.5665933664101518,0.20613706934095613,0.12696973453049532,0.25406226642272256,0.22757952674389315,0.13990380487701737,0.11524125612532775,0.6404861111111132,0.2213514000759146,0.32191147008641197
0.737226394979923,0.8114596195292914,0.5461334500355227,0.16114199209648453,0.6022935500573157,0.20442639862429074,0.1298374739170727,0.20808440495920083,0.17282431370921458,0.11196385641106169,0.04812408758767388,0.6572777777777775,0.13507372650731653,0.3703360182277652
0.8291932243267996,0.4676942376470259,0.53423587997037,0.27796592665170794,0.5075778884193993,0.12653735593585053,0.17845278499919834,0.09413246220378002,0.0859431755498311,0.09067774432748645,0.05471964989141413,0.7132777777777715,0.23329146616283372,0.4152933674076991
0.4887423223545959,0.876014284869254,0.33979569102121265,0.21234757768282558,0.5060460114931348,0.2551090099715298,0.19227113915717073,0.12172623846206265,0.08678389334771197,0.1522512174964207,0.10751483823371542,0.7499999999999896,0.17155816800699433,0.4793527980073644
0.5909030303133445,0.4901270816052051,0.35563031120877997,0.24705288728101543,0.5959020555899482,0.12533882100164734,0.19732041023907765,0.2373385461004284,0.10852305322992656,0.13791669343472943,0.05061530703538065,0.5516111111111156,0.2449108588186465,0.3239245856690975
0.5854891074093054,0.8159453352232484,0.5533707277002539,0.23910931896539372,0.5525029529394223,0.23910633438672083,0.20447301395467332,0.19828485465187232,0.13904275737180438,0.04373889276935602,0.08322194826827085,0.6819444444444415,0.1950631697525553,0.4094913565818341
0.46009546149091624,0.7632518361742724,0.5954799580614333,0.18169567053692529,0.5221322473223186,0.14237746926808606,0.22822798221284374,0.21184499928273945,0.12728408470502783,0.07072455884527509,0.11761237769948023,0.5697222222222269,0.2382099824115335,0.3319015235864468
0.5332995560150757,0.8878077109911796,0.506267931090113,0.20287929140069744,0.5276069174292564,0.2004341570357167,0.1073751974619122,0.14955349742861582,0.2458098735706754,0.12148484835933876,0.10610395176575815,0.6113888888888932,0.22746603458962392,0.31253494956431715
0.7393726108471719,0.8890821708190682,0.2894534506575002,0.27353310002261444,0.6120111467285659,0.26541853699363677,0.1225309754348512,0.2595159572590128,0.18610376412345497,0.14187942088152858,0.10394519567267557,0.6757083333333317,0.18466333586549347,0.3741487824102195
0.45786704792648636,0.8149459092842665,0.5218264222873715,0.20141241943490712,0.7195234870708007,0.24261202886916958,0.21043523536996078,0.23295955408103955,0.09462798079741885,0.1556352440092586,0.05492574788539037,0.7307222222222147,0.07712356318045199,0.4200005320743055
0.45717203735993717,0.874447346061081,0.30371983491247356,0.23999679161550214,0.5190984599830911,0.2649970674091339,0.14071568786297942,0.2347192259363988,0.1635213873783042,0.07726797957996073,0.06443602833263509,0.6740555555555534,0.22324351479215943,0.400759395479042
0.6188748309910326,0.6193326395528644,0.5751852444369229,0.23530868060289328,0.6239759488842396,0.2669166458934279,0.11230752659918805,0.2438518359238487,0.1833178610614901,0.1565827680535082,0.09894552004291626,0.5741666666666715,0.20882398004074917,0.2934722590617487
0.6991823233679613,0.4942737501980814,0.5046567834406821,0.2532144322959021,0.5462421988524672,0.20162310882043333,0.13920230145367343,0.2551238769908515,0.24450462877257745,0.06435539986362057,0.0860240150342303,0.5648333333333379,0.2763784506203798,0.2706266172303054
0.5488398787605335,0.6105482015229053,0.48118728773987085,0.16625735958341098,0.5896118384044201,0.16190575832497955,0.20700536017872806,0.13581831535758493,0.14994687190267394,0.04167212560012055,0.04484971613380513,0.6106111111111154,0.16639786997117176,0.4080321126707608
0.5407263524371558,0.658459241165309,0.49075334903637957,0.2105586381422553,0.7491763626252228,0.15000769674001316,0.11807193441691963,0.22355128113794684,0.21812273919467834,0.15424220565626773,0.11475286528848969,0.567944444444449,0.136750188819948,0.26621751081822576
0.666446202580016,0.7888213585297998,0.5124168765878677,0.18837425453472698,0.5708517362547577,0.25161606195127034,0.120033438535297,0.1687323212556034,0.11815926230684355,0.08228646430508899,0.06464447726795042,0.7243888888888813,0.1339109717017581,0.41562968608629197
0.8586636819803944,0.8828150926476244,0.386705157738753,0.18909517822764188,0.7392277682930184,0.24592375732668223,0.11454906258850295,0.19547813643718898,0.2058682642066359,0.08737542153925805,0.06796576512945501,0.7335694444444378,0.0685390758952408,0.4002040125621473
0.7163119050478066,0.7251516685421633,0.5078272402305666,0.23366981009132126,0.7261489989909602,0.2662245231557995,0.08787432479612745,0.19083546510512261,0.08378100001061418,0.047855118167073364,0.04527912623683107,0.7499999999999896,0.07863631902635171,0.42977741430132443
0.6215166261316685,0.4920049730513754,0.26024773915559835,0.26477974161127293,0.5560158715046891,0.13365903544307342,0.21275142344541476,0.1704603438193722,0.21172763132541278,0.06414078202134643,0.07031169577501087,0.5758333333333382,0.2723437991785807,0.3553997507203311
0.6657689504146184,0.7065272055790521,0.39229375018123375,0.19000777767376062,0.6150506435292951,0.22126884258669344,0.20303153277099678,0.12734220730279344,0.1694818027001067,0.06985980108419601,0.05943257912341576,0.7499999999999896,0.10356763070270678,0.4367380789853748
0.7731633609251936,0.49129633255201716,0.3807925238368758,0.27622695026688004,0.6485270448190938,0.2401847718280458,0.17989891161105181,0.18143704071309785,0.10362583738982374,0.1524979462772443,0.044960673598723355,0.6666666666666654,0.16903061084655538,0.4199903853477712
0.47509319036962905,0.7263566537123965,0.29229474427645674,0.26987536613922986,0.7060589711047556,0.21606845140912495,0.12745022005227702,0.1847094969548455,0.09762686095053327,0.1558950036414873,0.12032004223935541,0.6311666666666692,0.155687843193822,0.4045514234054608
0.5998901830907009,0.6688147214257664,0.44566586159583377,0.17369863416674897,0.5208308547456479,0.18707895309111958,0.12386251769992825,0.2253378523646848,0.17373299606786177,0.10711476042712148,0.05237855895772975,0.5957222222222269,0.21984001059896208,0.3269356335348245
0.49282545448793946,0.8809289593056364,0.4038914621544546,0.23817920617583066,0.6800850474506925,0.24685582395601544,0.1049475995739109,0.12207773163932384,0.22744473460842507,0.1147226897457472,0.11616307618360962,0.6441666666666678,0.1443346665795312,0.3702506930506946
0.7263451337580757,0.8723263369797962,0.4048113594902768,0.24588724706702933,0.48150070985742,0.18014739610088573,0.18446810475253542,0.17251906471492748,0.2292393855476556,0.074471469188623,0.10821418112336709,0.6566111111111109,0.267177057045338,0.36407835172357333
0.8366526708376831,0.705422736411642,0.5763642932628917,0.20472953143829625,0.5425026338526363,0.168995661978459,0.21646915019752883,0.24035756741611308,0.24239118489484168,0.08809899532178661,0.11798608352743373,0.6187222222222262,0.21472317780021108,0.31803101154299324
0.48283021789729375,0.6849811821811342,0.20868569463816922,0.16214590751640398,0.6746397046319772,0.1551886053731673,0.11072425218801657,0.1354041520610051,0.1221284529455969,0.14666511779806893,0.09815721851741768,0.6201666666666704,0.1203533361620363,0.3948314711372926
0.6734236323957485,0.6556430907022844,0.3743489117684604,0.16675135316154915,0.48972778911038883,0.2088595218414689,0.08423853750545932,0.1335735652995061,0.17626452171266582,0.04599125675303611,0.0737798857465764,0.6433888888888901,0.2105945744624471,0.37101047556063843
0.7720053576211823,0.4681256886982964,0.20971644208331697,0.23189914660503225,0.753734661632252,0.14091795149466887,0.2077747911377471,0.24701051775462807,0.14626818179858495,0.11634687309802538,0.10884244213707557,0.6197222222222261,0.12160861762967226,0.3716826128250215
0.5389201845624076,0.628836919610913,0.21842513684058218,0.2313500357231778,0.6414981076776403,0.17620925374524732,0.2111042799538667,0.13826656196964532,0.12599231616525333,0.11126963794598635,0.1069991256792001,0.7183333333333278,0.12250295006169269,0.42000122534867196
0.8948434544209252,0.5661460136185658,0.2537191472570454,0.19444680635425016,0.6768478146602459,0.23196299088784633,0.18133611402652466,0.12892261716717682,0.11011340867457202,0.045136439708790214,0.0535583383855098,0.7499999999999896,0.08213634509989373,0.5290320357641383
0.7704044915244086,0.8648291310391054,0.29905378487460477,0.235796630513016,0.6203628125346017,0.14309650971332258,0.08762414811787943,0.10368021414183676,0.20019126182743807,0.10721938106026788,0.09853413336021553,0.7131527777777725,0.13941089939904952,0.39159892348403635
0.7172397197881812,0.6143370537753627,0.22642775041163637,0.20673694489686045,0.48336782334387707,0.2766847745413056,0.11001660232274812,0.21730496217260947,0.14069068058113032,0.10658069480867133,0.05023218764992247,0.6576666666666663,0.23572563020930015,0.39464665546985195
0.5680559138760946,0.7855752775037017,0.17301444661874268,0.17015445715637342,0.6861537875934416,0.12758695422171157,0.08877832140829,0.21849649241869754,0.15202209151004198,0.08222340684100812,0.08778898143944028,0.6482777777777785,0.10764081822658866,0.36463498658745325
0.83404074602815,0.5267486292388274,0.31734024154886104,0.19315298852790203,0.5724921030890577,0.11256798565250191,0.2355123979179337,0.20456086180358612,0.2259097657411301,0.07930367116262754,0.07162131080278553,0.6382777777777796,0.17805318913286516,0.36322150467558156
0.5279163802171379,0.5635840270263943,0.3853599915286764,0.2282798413982413,0.70232610851388,0.2738259533595703,0.16645417473960128,0.23584240508649468,0.10703759941834519,0.09570727964225606,0.06620026148619126,0.5612777777777823,0.16959252118379287,0.4089558479765864
0.8885833068425705,0.4893630144459692,0.17932328268777467,0.25687202054476027,0.7238679918023115,0.11135359794514829,0.09109539252739937,0.16231613659179378,0.10575471001683726,0.11887238866074765,0.07943301053397187,0.678166666666664,0.11742370615580137,0.390936455589945
0.5779151061281969,0.8670580925473499,0.29837959221696553,0.21887347375978985,0.6990453067779212,0.1344744871580612,0.13371180780981207,0.11991707013257452,0.2112239348847888,0.13917705967640714,0.0427423064602325,0.6738333333333312,0.11274917054492829,0.3861516544976837
0.7937596077097714,0.5222267361368281,0.3470353240507431,0.20257788812202313,0.6190165978418402,0.27231068641698364,0.19647650088924457,0.25435763562027736,0.14290297682643238,0.05673817181851876,0.0724058915701063,0.6621666666666658,0.14617071299042536,0.4130923310561622
0.8683884666965218,0.84010026994209,0.21786319941057575,0.17636985499907912,0.4885382789667725,0.11407868506187377,0.18982215273653047,0.16743592919175299,0.15801100168234222,0.15104862112981754,0.10154063863168074,0.735180555555549,0.17333610163634228,0.4013040641975643
0.829861250067693,0.7580862936854397,0.48842286862807394,0.22781994099118752,0.7305790349589218,0.1426646384488301,0.10652566814159241,0.21979952132186098,0.14476060363739446,0.058223830166768076,0.07299233685272441,0.6679999999999985,0.10693409809172612,0.36569001693202446
0.711788540686251,0.8089218173282248,0.3284112108984552,0.22165673570997058,0.6284558442642154,0.16273874765053992,0.12509804132572516,0.13430477199916288,0.19300524629566174,0.10845823613614242,0.05447092438655192,0.6954999999999956,0.13505743300561143,0.3968733899117986
0.5807534844931442,0.46297244133425614,0.5034097830132764,0.25991265432116084,0.7421040959126068,0.1523484921590096,0.20650740964210101,0.16057137646565206,0.09096291892468736,0.08512055982583872,0.0792511299216678,0.5500000000000045,0.1736410416297577,0.3793163111975201
0.7990178352484467,0.4765145060172021,0.46816676214246444,0.2383428232517184,0.5230925185332744,0.12073446047572105,0.230213446956139,0.10850103494055631,0.10969650645299875,0.04798714815303936,0.10166452150339865,0.7499999999999896,0.17513341861216666,0.42535160632270286
0.8695887811601495,0.793237715428784,0.5833162431037164,0.27073451285706696,0.7151433317146182,0.12186166364533882,0.1403112320701894,0.09888318434676342,0.17972912247086206,0.06493830206116674,0.03849339050892001,0.7348749999999915,0.10133926812490826,0.41268244250344743
0.8863004358111266,0.6158393850961902,0.3202553032327421,0.19513757049457842,0.634788836938539,0.19419810708044413,0.09585719999322838,0.19714620315970277,0.11545407108747116,0.084515259121673,0.05995371817047529,0.7006111111111062,0.11738583679564525,0.4025854556437092
0.7910546582355403,0.7324712933388062,0.17142627732941457,0.21583038794961792,0.5293112795576372,0.2672181447778509,0.22872485114775704,0.24772404495326308,0.20466497612163498,0.11780422464746773,0.07363099829718611,0.7010555555555505,0.18474450639003281,0.4138027765774748
0.5213047447745799,0.7462775655214857,0.25340026130727117,0.2217739216593696,0.5858629062045122,0.23341523029303474,0.12638369789151901,0.20494607708531234,0.09295955346426536,0.07611468605266984,0.12094059443833809,0.7036111111111059,0.15303612793653165,0.418418863516972
0.7009094330075015,0.5896624943200098,0.1756512599654471,0.16287186932916578,0.7008175116243885,0.13277782134287103,0.23301467184308933,0.11268575263232841,0.11908186947112266,0.08321431566099083,0.04365132870952165,0.7499999999999896,0.06552145133562252,0.49792374643986453
0.6754208262122584,0.7140219143294957,0.4186836599453603,0.1625392563118963,0.5824131088758799,0.15576516895659,0.1349655257130636,0.09447554214622177,0.11803041701774986,0.08866559232354046,0.100601249469322,0.7483333333333232,0.10709522197225123,0.41984408128458456
0.5119063819037296,0.574953113983754,0.22059301538247184,0.21343165761496083,0.7540493507999293,0.20839160607745288,0.08731168219794078,0.13252943255566357,0.1453131534110762,0.10796101897999938,0.09536636853488491,0.582388888888894,0.12981861729913194,0.3809297591543456
0.727541868008281,0.5322247086060572,0.412178554003904,0.23895604427185693,0.58866346815567,0.11094918264587239,0.20198993093139123,0.21397172417471913,0.10243578494726863,0.10395766368162965,0.12310870577852313,0.6038333333333379,0.21674615553160265,0.34349437582977205
0.7637067096405197,0.6701942546512542,0.17407515652097125,0.2090733892301207,0.5178698442417716,0.13853082452210208,0.08538466326151459,0.16945131370700678,0.12478005343988566,0.04130960579770337,0.09503012955374465,0.6944999999999957,0.19167545860202814,0.39486378210853784
0.6726206335811181,0.6390449984064832,0.2154433010230555,0.22919373482337882,0.6955859774863171,0.26946554014981594,0.21425160968704104,0.17838946177191642,0.15220999238341176,0.12023720545398359,0.06708558829132916,0.7499999999999896,0.08726640131141775,0.4522801996417223
0.7474350829456413,0.8499564498015193,0.2711435412738493,0.17055009927219844,0.7549040269607663,0.10660420146728748,0.16064142230413253,0.1610546268986845,0.17671042161107903,0.08085975789930819,0.0973111805309575,0.7258472222222152,0.06071478990343198,0.40590149561617567
0.5296093155888997,0.4773420756178343,0.3086729475492529,0.17731384810007358,0.4866515178591664,0.14826657440934107,0.1068716744308635,0.18287569208467436,0.14729390825496969,0.04667328922921482,0.08701929905365138,0.5500000000000045,0.2699072507812079,0.30490420220222125
0.8257992689650175,0.5396990766959544,0.2668506063796617,0.24797173836140707,0.5083346723054236,0.22860364202822847,0.08451419830205759,0.2002781271343992,0.236697700467833,0.14552910620926962,0.12177560270657019,0.5976666666666713,0.28292020128142514,0.27900079389669097
0.5453201389562929,0.7664338297445483,0.4542517458426898,0.18281184043804732,0.5598497262208526,0.25311973712028446,0.11313384140852673,0.21044382341659165,0.1690692623475644,0.12396540228425887,0.10670944421536215,0.6105000000000044,0.19356366175990805,0.3485143266105448
0.5604907029638012,0.7770005529306578,0.5186838993652848,0.27714720506604934,0.6425012147440864,0.20242257839197525,0.15943267357212965,0.14124781311868007,0.19441195167588396,0.045712604307552814,0.09604504048966622,0.6356111111111132,0.191062673568996,0.37783547147226576
0.5644592391450884,0.8775880652984319,0.42191027071689813,0.21928969689710573,0.7201121317102861,0.1720245432553137,0.15373721177876737,0.1755363516714678,0.1811294728753709,0.10543777543440394,0.058168060458747034,0.6686111111111096,0.10704523048242097,0.3884625749508118
0.48398281709582025,0.7019258148094886,0.24855309159256753,0.17922693719782867,0.6403671148972063,0.16209244877220794,0.1166628502661597,0.23604210344705218,0.21694884570182554,0.13220249538947365,0.12388429106660932,0.576611111111116,0.16450380825949895,0.29122534036951436
0.5231550395189455,0.6761160134896534,0.15128261786217503,0.21547289767001085,0.6629570118026276,0.2408026178003526,0.1882465886529282,0.113868425058561,0.14743404289876072,0.1074768776759224,0.05696124220471083,0.7499999999999896,0.0942396777780047,0.47648547880833914
0.7385218534309279,0.6661674758846614,0.48502987821643373,0.24917131116022914,0.7527609085601499,0.2697780066653539,0.1498990509067916,0.21508397959862308,0.11664323643401747,0.10075823291907189,0.10926862050989081,0.6766111111111087,0.10373728971186173,0.408830149423177
0.5963453243195262,0.6918786170836284,0.5491575506991323,0.2742866039292759,0.4878987080940467,0.1590147588044641,0.20493605736600315,0.2241411270549166,0.15765114417083964,0.04685265383514202,0.055448243932246385,0.6016111111111156,0.3178758872730594,0.3435034314532943
0.6016753073588135,0.8634762007841192,0.5212491151100713,0.2611666853317551,0.5803420122264235,0.2174515667231544,0.08821075888186201,0.1550078037800448,0.22692975877253846,0.1410031618707102,0.10347511715688847,0.6200555555555594,0.22811736875480695,0.3144155628126319
0.6261432192057608,0.838134744910266,0.27308509320357716,0.2414388631541985,0.5677771301926078,0.10629598824516523,0.2377764331302668,0.13883035543692482,0.16504224891477248,0.15880313330051105,0.07804252684721508,0.6746111111111089,0.19100444415819903,0.3919414437558085
0.7954507205732491,0.5554623076024183,0.49737106554440946,0.2143856075479122,0.578632389310942,0.25599204920340646,0.08398952306325189,0.19254812623147194,0.1184838190382001,0.05326970598305243,0.09953568704246918,0.6236111111111146,0.19569564479499782,0.3598126938480004
0.7461967640965113,0.7926930467839632,0.4882466476417572,0.27096572709655997,0.7577756831680871,0.17047098763360957,0.12152010547874117,0.24601257039169286,0.15450740839120697,0.08794566459030129,0.04822942786518952,0.656833333333333,0.12025371733962668,0.3630448691377833
0.712808214769798,0.7703890731891703,0.4338991625185402,0.24243705062975085,0.5534678294692104,0.108872098645761,0.1157086907651523,0.1576029010865964,0.18140812282124383,0.12741166986179484,0.044515400602259815,0.6396111111111128,0.22155086260791348,0.33747580715254644
0.8636458886334105,0.6498963855041736,0.27689756345369176,0.2316882978230506,0.7344891763203706,0.20211972621052243,0.23191294553946312,0.2452235872551329,0.1985982821432427,0.15915288994216972,0.09751279473416363,0.6669999999999986,0.10751754224681773,0.39329911243133103
0.8562822345426344,0.5084162016022273,0.37964003224725096,0.163558005319003,0.6458917052796578,0.1146301965601207,0.16582951636862203,0.23170986721284217,0.15167653488474353,0.1598807137969078,0.0767540715173543,0.6140555555555598,0.13588732523241268,0.3321891155386583
0.5496972323950959,0.8255483889730342,0.2878463548695251,0.26630061151265494,0.5898260364827146,0.12275289380654086,0.17700170102537377,0.1438225342914432,0.17735078795712006,0.054993977623997235,0.040822498299591566,0.6820555555555525,0.18835992357211298,0.39780574472778607
0.6084728013018901,0.617309530198725,0.47551581196993853,0.225262610806337,0.49459090910371134,0.18767970443224025,0.14634388976938362,0.19511401917806853,0.24762305991565398,0.06900117221012986,0.08165608773097072,0.5789444444444494,0.28612003588701707,0.29767621237504127
0.663401319391677,0.6605560121608343,0.31492131849583294,0.18751486592291283,0.7092367857967765,0.13941494264942603,0.15351688247933226,0.10661402473691864,0.2316002379407497,0.05869520251414996,0.07592519779277578,0.6636666666666656,0.10011907125131267,0.39488688883450296
0.8285837302337404,0.8251050299056147,0.2951773034165647,0.21023515610421606,0.7232980657562801,0.16518341518592833,0.11027666744593874,0.14649580658976846,0.24963445260130301,0.10990244053743076,0.06200207946551026,0.7002916666666631,0.09100969937224164,0.3804793679767523
0.606738061605341,0.6897783017526209,0.22143591054210554,0.19783521050813513,0.5115394882777754,0.15732265766205472,0.19648056688604226,0.13063256260821984,0.191159156617637,0.05113699409182457,0.10985857565300321,0.6714999999999981,0.20139146709296704,0.4071358484887648
0.7971797114607995,0.5100040980798248,0.19344207311416642,0.2578758860502692,0.7431071783497682,0.20726381287270043,0.20068056322036676,0.21522420815571897,0.21598641820169,0.12927320984664686,0.06351943862663449,0.6449444444444455,0.12596350549952678,0.3921231285014479
0.466845719038842,0.7437629462846113,0.47180885624188706,0.22289840498504554,0.6511988269516217,0.181115507667362,0.09534270262028205,0.16141500741837578,0.24014654246091116,0.09622262208903606,0.08711626175511855,0.5750555555555604,0.18548209153733325,0.2981179867487796
0.4651020059046055,0.6382687352937768,0.31223728131256767,0.18322673103050538,0.5659873194352719,0.27155339238238596,0.1712555486240087,0.22100749280732643,0.20286132303519638,0.06816404141858481,0.060151315385711154,0.5685000000000047,0.21174229953855203,0.3811711916829429
0.7916654598661534,0.827958903943107,0.30589175297776905,0.18605608042835925,0.536314586520031,0.2464316717446239,0.22649298326993295,0.23498014054394653,0.10678093197483074,0.15518458987562428,0.10434184866512344,0.7586805555555449,0.1368661491295198,0.4404823336393675
0.8978611775090343,0.5936577879744906,0.33411181354663577,0.18428438924238208,0.49662033133827366,0.13752710696394718,0.17601934565095054,0.16525530481338557,0.08325322843239981,0.0784605304664448,0.09773757847344475,0.7499999999999896,0.16198898103349368,0.42605545333572026
0.6827270154560027,0.5728272451527846,0.21091404989867163,0.1969349799480928,0.5268076828769054,0.20543541152279346,0.12082865872846224,0.13469064253478744,0.2459435581983901,0.15159130664054912,0.11840813748682964,0.5992777777777825,0.2304047001205492,0.3271446058818667
0.7753880383320149,0.5048817649846162,0.30277540664165514,0.24229156353943487,0.6949185952783904,0.17946115471235408,0.1809915819726777,0.19420012660621377,0.16261966340206502,0.0442811513534491,0.1113031580505904,0.6508333333333337,0.1362524661650625,0.3970259943696578
0.5053052939406636,0.6126038326166389,0.22960644203756875,0.19306676240747808,0.545506431561711,0.24546110791554274,0.08316534140121952,0.21881686802569303,0.12789017407898656,0.11752449363424161,0.06260882115676941,0.583388888888894,0.22371498138417806,0.3648690859892984
0.6024507390434666,0.4878119716186333,0.5855204051076527,0.16024611978578984,0.6002857526379297,0.2790556942587177,0.1998655732591031,0.13338945638341776,0.11266337726831699,0.15300418534517432,0.08234052757800628,0.5500000000000045,0.18633925102689142,0.40357409623061136
0.8924587874450176,0.4512161025865003,0.591928883941665,0.26870617574790906,0.7130031959567619,0.11527558790127244,0.1293745929987272,0.21608927737747866,0.20187864827351742,0.11039835670846593,0.08333787548467023,0.5850555555555605,0.17598337694963387,0.2837444512618862
0.8233605133397046,0.6180802928324229,0.37063104648810585,0.23463172696172013,0.6957630372360731,0.2782002195868548,0.17919760544124583,0.21166524446784124,0.13417079093769632,0.14150560219969952,0.09519383780290595,0.7069444444444388,0.10627651173176124,0.41954789992482566
0.534884399906795,0.7833706682866973,0.20457133376728104,0.25583265224896323,0.4953471951203122,0.1391652506180462,0.18701979662605273,0.15600015154617275,0.22495327668286524,0.04540677003822548,0.0713021148614835,0.6392777777777795,0.2744907149337787,0.37257621736366964
0.5750227024115062,0.661279835580517,0.2021899319222218,0.271363209779794,0.744755409938808,0.2512666446606333,0.2060260336378224,0.1378435756091341,0.10909778571146235,0.10448214264060601,0.07895629685370323,0.7499999999999896,0.08461132027615975,0.4980964954453891
0.8523380759327861,0.8047122349647142,0.38386177991974696,0.2411735947176762,0.6887971497285493,0.10543118280163766,0.09711427885578605,0.16910563043006072,0.08266661133090637,0.15087716581883703,0.038195369541501045,0.7581527777777678,0.09263055989662898,0.4168488757603515
0.8325773819430469,0.657182464026955,0.5901271856630242,0.2511758172349309,0.7434283799036367,0.15210742582934894,0.14798625865415282,0.10247104533890843,0.12240362171291726,0.0746622771275141,0.06538700273086348,0.7499999999999896,0.07864528761997988,0.42490343295093974
0.6340777799067251,0.6042142689614604,0.5143846361341354,0.2790566573749896,0.5429967941683057,0.17386496993012165,0.21547075026220125,0.10505859967998434,0.1718965154800624,0.058269976024705246,0.10562955102169157,0.6203333333333371,0.2671304884101503,0.39435158374630835
0.7332496045634508,0.5948104413214211,0.27365437444249485,0.2679840753270951,0.5745048756670539,0.17521814541354333,0.15054435597151788,0.2507654850375194,0.12127246151139262,0.12093019236859281,0.042952061470261066,0.6339444444444468,0.228487581396817,0.37064668314942917
0.6873214108426762,0.569205940920575,0.25119329031592225,0.27556650707628305,0.5126731362208021,0.26588436863542353,0.2259266421633322,0.2303866528587891,0.17695806481199094,0.07249741696313172,0.037475926145505135,0.6611666666666659,0.2618925919970813,0.4154055374707207
0.4997288924994058,0.8774239671938906,0.49940302394899605,0.17065840354666167,0.480497979821698,0.24145137799728678,0.16327973237330035,0.1558604017917887,0.23813763737073912,0.09717710247495276,0.11533432575595082,0.6153333333333375,0.23517478570250197,0.34917010376990865
0.6153492545526299,0.47276194993288057,0.3993466670839366,0.2468580256397511,0.564377348920478,0.2755955179844338,0.12915415995699178,0.24784760689734966,0.18013875752231534,0.07274302465453114,0.1065834521201459,0.5500000000000045,0.26628605650102966,0.3076305341243354
0.6379728396596216,0.6909597597159561,0.1897262877288822,0.2716954199290832,0.6186683263430095,0.15623563384657518,0.11613937362161442,0.1902136770301064,0.21150176492762052,0.09184351250507963,0.1214529022551693,0.6202777777777816,0.21070610983215243,0.3313741688686032
0.5223439926572503,0.7973955135312351,0.5737341209981192,0.20064747008968647,0.6774673571771702,0.22998725906187556,0.08487528824987464,0.0918878894152466,0.129725164907637,0.1396059029622817,0.08531702345155373,0.6703888888888871,0.11495760998553489,0.39982865035717413
0.6312217267009004,0.8091732018464448,0.5700761928041674,0.1665072261007201,0.6210653749642071,0.20776655865858845,0.20518949179038215,0.10169103388545417,0.21855151816658813,0.10225183669601784,0.0918527005324197,0.6707222222222204,0.123164235709789,0.4057196816352374
0.7036059863607028,0.7179570905904393,0.3510619985934329,0.2366939437423012,0.740823093528208,0.17960218864042798,0.23604034501110616,0.24556834921546183,0.15670070163397332,0.04091633369073358,0.04782830713722256,0.6996111111111063,0.09353908117727232,0.4104989734829024
0.660196387563958,0.5831853686010966,0.32193238766787613,0.24764421673321713,0.6050348067617086,0.24872712692661336,0.13538982167884622,0.2190852534998293,0.15119227404933833,0.055693886125790654,0.0659118860596141,0.6282777777777807,0.19865895428258817,0.3860445782580375
0.6577002429736977,0.5686974834706628,0.5508066172236752,0.20013257944215262,0.6845338663314705,0.24244614086421343,0.23001431684785112,0.22788577117932543,0.2073140834235182,0.10025941908928754,0.10270253183223067,0.5830555555555607,0.1521360396617851,0.35788081747791994
0.5103755475018283,0.8560347638533776,0.2112318769160073,0.18796828000067944,0.6686934148414374,0.19608991766842654,0.22387511163463286,0.22591238638896718,0.09218222019893724,0.060891231094117926,0.0956248244740861,0.7499999999999896,0.08275515669424251,0.46499753017953194
0.6471365586549163,0.6707152450437109,0.4743231488950873,0.16007775544957856,0.6595743743787509,0.24448728626629904,0.19514025852214997,0.16788118015293776,0.1009773902644134,0.14721875523704955,0.04063199069632505,0.7499999999999896,0.07685778596455081,0.4391228744885834
0.8103091961537404,0.852793830973491,0.4149307983887782,0.2298017216627774,0.7137029361478548,0.2759425801497297,0.12791269248746354,0.24124485882211913,0.1506069917740877,0.09704049974552528,0.07145824777789359,0.7311805555555482,0.0893691208405283,0.41155038667689053
0.5731286224458003,0.6478262932174571,0.5446124352855031,0.2720490694228791,0.6851342176755263,0.16806017903468948,0.21778342540106738,0.15021362419352877,0.1030865723590172,0.11606969016942983,0.04927015360204751,0.6327222222222246,0.16645609749060256,0.40946350703902734
0.4529150805843167,0.5644412475831309,0.41634886408944005,0.25293354230681037,0.6528291383096338,0.20753079845223443,0.09306463234517015,0.22192135464326515,0.08881835437963159,0.09860151807649409,0.053424891001611706,0.5500000000000045,0.21540829844862525,0.34180669088409704
0.7724384276001643,0.8687594545920705,0.16812740896343412,0.23795588990323455,0.48335953821457256,0.11562452974394444,0.10292676523541652,0.1967179123074202,0.08095671282360456,0.05456038016500979,0.0742273579932404,0.7778472222222109,0.19271932003345185,0.43363847014310825
0.8423487781180845,0.6273755763706508,0.4242191075255817,0.20632426463260634,0.740979954475335,0.22954867433836224,0.12361122422307322,0.2597957263376968,0.15932517999514423,0.12301691415999652,0.06736605918584579,0.6392777777777795,0.10647292856403838,0.3620522695719891
0.8828310252046943,0.4539562792153046,0.4821120680317358,0.2507987237109621,0.7299219735403877,0.10288554938504442,0.09546303630266502,0.12160633826530631,0.13002521809570874,0.07759247721030908,0.038779214548127355,0.6449444444444455,0.1280966144879419,0.3749796508852858
0.8644434892401953,0.7803566864992113,0.5655684023815245,0.21460203683846735,0.5627826849428419,0.2371392306382001,0.14877422561705178,0.21929281629197314,0.14192621467994768,0.14988560827857939,0.10514810265779412,0.6569444444444442,0.1871690954096734,0.37121819215263235
0.7792244734791196,0.7433758298007662,0.3664019117671017,0.23375201867916698,0.7081171886107044,0.17834030072297122,0.13454239672129922,0.2276680062357437,0.08198753673563429,0.14921636929130727,0.07788292860539242,0.7141666666666602,0.09822311413683543,0.41302718653620235
0.8739695348137573,0.5247749877439506,0.396915546644603,0.2152172227244531,0.5648866457022739,0.18279869815187744,0.13661997724292924,0.14266277430926172,0.08982757982591782,0.046155591426195935,0.060433771254720325,0.7499999999999896,0.1382995757250898,0.4353726190560925
0.8569884160740595,0.6420688080530899,0.1912682074428987,0.20302050361548446,0.5358013109252829,0.14355532239447816,0.1637502116414295,0.11606759581159207,0.22134675651802582,0.062125151163234985,0.05718321324843306,0.7499999999999896,0.14834215905989706,0.42049759892777067
0.8759740031726286,0.694674895429339,0.26177294948126434,0.2455174777692008,0.7514908908955704,0.11056668618509866,0.1492852762748788,0.2176906209789689,0.1452418781244194,0.08595560697379716,0.10716201227438497,0.6890416666666631,0.09761641997104274,0.3854700106953987
0.7891521719514711,0.8485807083171528,0.589241302548837,0.2604916324742935,0.6914810855787863,0.24928405098173345,0.16995255985754298,0.15168859159014614,0.2054874856343627,0.1548880180226013,0.07979932975860224,0.6786111111111085,0.1328285336484258,0.3925584790209434
0.7500994033925483,0.554089016707389,0.3427782838498583,0.2106689383818612,0.658935358833892,0.17525031075132924,0.19694303583796977,0.13172788706624866,0.17809374832478292,0.051991045529823296,0.08903527979115265,0.7209444444444373,0.10534364087632657,0.419406828667676
0.6371087084542311,0.6522221263603474,0.4761912151076956,0.17270968596984476,0.5908355825364584,0.14762939811125933,0.20925703133022056,0.2271977918254759,0.17406484348463694,0.15778526094209044,0.04126601979838454,0.5977222222222269,0.17599781727784494,0.33524337349999556
0.6806129298356407,0.4590436120261648,0.213773838232017,0.1760896765073982,0.591106932998054,0.22360900225406927,0.09961282355899437,0.14824059957727945,0.12358126422321686,0.10108396752367656,0.07828399545424736,0.5976111111111158,0.1779682469919507,0.38945127072339025
0.6882085556977829,0.5723052681655952,0.1800018238281664,0.2550319336073953,0.6646456443713933,0.10464607724879942,0.08345896730965673,0.1268428314896149,0.14880631794573032,0.08381894682088104,0.10320376904423188,0.6360555555555576,0.16545848602018687,0.36341043326832195
0.7961099634751865,0.8582825296153276,0.3626515867624296,0.25394103361403225,0.5245247231702913,0.2503046864503702,0.10017078499607666,0.20738285996462083,0.20257102694944354,0.08284498657290665,0.1194152337617651,0.6697083333333325,0.23356577954145363,0.3558200568466104
0.8451517416630121,0.7512127434254094,0.5601696548263073,0.27952014185790697,0.7523175337839575,0.27098294904161224,0.09086019664735182,0.14065132946825354,0.13487612957416562,0.09686282451998512,0.03879199009576791,0.7438333333333236,0.0871575637038744,0.4182186907532753
0.8802567841139797,0.5917085513399267,0.5382450249617436,0.22544994534363394,0.7566041753762514,0.17461451423973096,0.1513274284836003,0.12635091040205376,0.23629418414287057,0.07575700824163892,0.07434187358916386,0.6594999999999994,0.10020446123809805,0.382888233499097
0.851663087180928,0.5023787859617203,0.35645612342658095,0.20323675019125267,0.5402523587658904,0.15837444204937823,0.1857579285406405,0.13650416771648058,0.13169899048013545,0.1491340069902791,0.1156352837328462,0.6580555555555552,0.19342518000637893,0.39710376024376465
0.7404815933613405,0.8987699811948683,0.5294837852850397,0.21963407979773356,0.6542254489460599,0.23489475823824052,0.22479335340545303,0.12830435275574592,0.09910059715981312,0.07140217563681076,0.09834136815170419,0.7499999999999896,0.09911425204614542,0.5051150660759569
0.48554730427208614,0.710395301172811,0.26808402731901826,0.22081849003530274,0.5966066441336614,0.2398986243789181,0.09182948234551473,0.23820052623531346,0.11262683431558214,0.06728105352388564,0.10781081155857164,0.6200555555555594,0.1910532419127279,0.3815838790132832
0.7799793142647088,0.7491954604724402,0.5878674517663565,0.17471729372755265,0.5137865011884045,0.12868549690704087,0.18484921137428445,0.12550104974064197,0.2062772129609171,0.09128447202072709,0.03782054278056043,0.6619444444444437,0.18993033636364723,0.375771668568821
0.6950753594881325,0.7158173302594115,0.4360784542757882,0.26957414994887796,0.7438200845959221,0.2749469299566024,0.16228634753712504,0.1603245194265982,0.221947535464963,0.09605815925705849,0.06955817671927854,0.6698333333333316,0.11894815732467495,0.40023039142615174
0.7245761427566194,0.4522905672953991,0.5370411585509154,0.232891181463765,0.48679488556688705,0.16122793975336158,0.10254181362676135,0.18751108955212498,0.22868701587308404,0.08690824526403293,0.09116998466014653,0.5571666666666713,0.30931456726819634,0.2532634046933451
0.48470465514437056,0.4614583377171242,0.44507554169865526,0.1852723279435152,0.6491344986133709,0.12014979624259431,0.16616305748647098,0.2365648436767297,0.16089457427836268,0.04981355918917453,0.09625544772227905,0.5500000000000045,0.17602379613123165,0.27168266602011115
0.7050168329616937,0.5606380553262154,0.5767490195230639,0.17499437827651723,0.7415719694709315,0.25700392328284266,0.15237999751390394,0.1792445943752769,0.1108544183818052,0.14499856587906132,0.08142185395199567,0.6169444444444486,0.10253537046597659,0.3995081814958256
0.884107038466374,0.520079420502694,0.36373994433374934,0.2723069483262,0.5106322730054462,0.1578764510341589,0.16524158990633225,0.13937249251791234,0.2448805169954562,0.11491593191556271,0.11566506181490817,0.6215000000000036,0.2860665651570787,0.34152205180565337
0.6431919578331408,0.8553068963406267,0.34133764827146684,0.2098829941882745,0.6437839490456047,0.22416891051717946,0.20099888891027326,0.21616574148180073,0.1412606515334161,0.11738499325101856,0.07197963225359742,0.7472777777777677,0.1006132998204068,0.41994759795951003
0.5157138533610591,0.745876888479152,0.4145316464706853,0.2623451341783357,0.5055758800652264,0.24784395804178913,0.17055773268666563,0.25571727860075366,0.23733022854122626,0.14603491394843374,0.11311272225234925,0.581388888888894,0.3052891304489079,0.2934626483642782
0.48117207458117195,0.6310089280148522,0.5105969962731624,0.20159702218957132,0.6699763337004949,0.12724188370869155,0.21893707496479614,0.2522847609157133,0.21376985764224166,0.13767976180862784,0.1023136836621339,0.5500000000000045,0.17515407291281096,0.26432246560480316
0.8901082207403046,0.8533959444688468,0.17705619126710434,0.20226344723081968,0.5264685519294401,0.18179493497567523,0.11473563336191642,0.09347155021063977,0.08815771663338445,0.15873083216771186,0.06924476172035757,0.8213194444444333,0.1297090043851397,0.5363019879698985
0.8182862812902585,0.6069422568589069,0.4305288694294983,0.21704551297809094,0.6810586121803605,0.2485218836154757,0.18257691982392196,0.12925220686491817,0.24136076920546612,0.13658735882449663,0.08388217962390185,0.6617222222222214,0.12484560272363646,0.4012762047117756
0.591455956572358,0.7812818540821815,0.15636110076616616,0.27890456891060095,0.5144723968078199,0.19082611357883494,0.1722117364507853,0.20948858603769743,0.21882200645258043,0.10630006495582689,0.04099824912019089,0.6497222222222228,0.2704016247855489,0.37449523911822785
0.8543284797998436,0.4723122192006996,0.4699514629076803,0.1920188155468948,0.7073586123587201,0.15909185349682708,0.15308479215729762,0.09403609364722261,0.1885224385953242,0.09910790632805427,0.05772350608217655,0.6766111111111087,0.09743865902801253,0.40855326125813207
0.8051471617843243,0.5059312177439745,0.4916273751760809,0.2441030778032931,0.6535996403099281,0.16924784567871598,0.21577018374651907,0.14080718281573382,0.08425117000220517,0.08972561524630919,0.06115735291091026,0.7499999999999896,0.10883943991921578,0.43751580535306217
0.644149733364252,0.634536833995728,0.38606345952522414,0.16720289465706104,0.5309760936628894,0.1871491924997884,0.2170382811068079,0.14215279401471104,0.19758146197434778,0.0993895956598183,0.06852223222596902,0.6383888888888907,0.18652681471762675,0.3987058855864534
0.497231228557165,0.7309185847844349,0.27230130969072747,0.19158857431646834,0.7014766599255876,0.14880436289348714,0.1926052523046971,0.11068780038002482,0.12391521012042914,0.14644374777779165,0.08575122996318452,0.7497777777777674,0.07353430899574188,0.41999073240801266
0.8027851578669202,0.7447738721382051,0.43155205914666794,0.1857507697729602,0.6352346188609845,0.24355781318495545,0.18381050337763782,0.251107488821215,0.23391678189845788,0.13026668908139646,0.1124820623435332,0.6340555555555578,0.1429774431017131,0.3520783964045009
0.8713027001743703,0.47049727697623844,0.3693029780910762,0.16876697148677036,0.5497311551578911,0.15688084673181388,0.16732337749792925,0.24135033188789545,0.21502634810659654,0.14618723232843092,0.049158073309713356,0.599944444444449,0.1959766152151303,0.3152828861222683
0.7609326965061405,0.5883367790656742,0.564180803296404,0.21868041300190955,0.5214815283798286,0.24377583111603185,0.1755154178134033,0.1740782364196476,0.21616866279209368,0.08466291847589932,0.06412679972704037,0.6135000000000043,0.24198291672199637,0.35941477734402244
0.8442239861846288,0.754369028503334,0.4075253399743216,0.20620410212023096,0.708571167132371,0.25000956132991226,0.23815617658285942,0.23411224694614774,0.21929560234857276,0.10349302416079367,0.08372198245073419,0.6892777777777741,0.09749905845993455,0.40598297160857055
0.5135516845959383,0.7714619057296948,0.48726899169707205,0.17326113251868291,0.5152387212412974,0.11916433392129458,0.23206655256229447,0.16568342241632916,0.23343435754012304,0.11562036678310117,0.07697587166476019,0.5867222222222273,0.22800503380014328,0.3138846969477106
0.6611485981406428,0.857264207837148,0.3310985782096928,0.2132097772984362,0.616189825665427,0.13408189438867807,0.22758208301363658,0.20693048784926077,0.0915449049190504,0.14152055789263124,0.035563497717817756,0.7499999999999896,0.11242289859945094,0.4271015143196787
0.8470054372468805,0.8424438480471541,0.5789055153215269,0.17841115946687677,0.67872718600279,0.24165956471192618,0.19384958453744747,0.11008191270870862,0.15887863892476944,0.11556563278294166,0.05169563434644499,0.7595138888888783,0.07426149731950649,0.46605529736201173
0.46242093895956615,0.8205967994070782,0.24120955715544493,0.21728139710120487,0.594455586346134,0.2623995071438874,0.21068718183503177,0.15402385885096265,0.16385572887860472,0.10476166276777055,0.10838229486875903,0.7499999999999896,0.12422544327890467,0.4347541123105424
0.4734321456161663,0.8994403697539922,0.5799502399925094,0.1709317803358811,0.6391321126990386,0.19803936031454594,0.08686059109096667,0.19339904462194452,0.08215137054544629,0.09240574486461013,0.09148584173530205,0.6783888888888863,0.11417960661318553,0.40211482382710934
0.8216042501852889,0.8451313720946484,0.15036102746690969,0.18654023598180486,0.5171901483402903,0.16441774769401418,0.17509691927235066,0.10964634051790811,0.18648645435785188,0.13107174917361672,0.04035021703754176,0.784583333333322,0.13946455548431264,0.466297558101399
0.5552728110465821,0.7363657499802061,0.5008411858726776,0.16238756677224644,0.5518167084707375,0.21723398443994574,0.17875541311821064,0.11677599702032455,0.13988787931724306,0.13328864091373444,0.12172216533744482,0.6368333333333352,0.1719171986037418,0.40313603937420245
0.8169216752462976,0.5299171653823493,0.31171411030127527,0.20510009530651166,0.7100712231836931,0.21072986096197743,0.22179857060621122,0.15016052114611442,0.17036769059970158,0.07890199703787001,0.11691979735865121,0.7499999999999896,0.07489571671678687,0.4326591415267897
0.5591884942500337,0.6675835738013143,0.5402221704950497,0.2777893069613349,0.49112799043488986,0.242063200577975,0.12589573708637747,0.09225762289034196,0.17159231965284158,0.09224889886350895,0.07093774690500305,0.6042777777777822,0.31647383367164433,0.36811295544023287
0.6643883937675199,0.7498095167421955,0.436810169326622,0.19130283620767716,0.5884842291210204,0.12374079952898534,0.09736388570196466,0.1650818588156997,0.235575257741926,0.043243109081589,0.060346795114847765,0.625277777777781,0.17459656661729453,0.32257828828466567
0.5894149001844029,0.7115867882867961,0.5586429426832047,0.24841236745840278,0.48762641027209436,0.2713459921045213,0.10380791254995486,0.24432863240208197,0.16175553501584383,0.15621953187801477,0.09198375463730693,0.5878333333333383,0.30508840646894964,0.30181086473500623
0.6198305296546651,0.8216573541895642,0.4559776999123545,0.2674167936232851,0.7029453266484064,0.19927213739963445,0.1959763022381498,0.22814733602130888,0.09017931784504954,0.07668325590980718,0.04016037017718448,0.7499999999999896,0.09803706749348938,0.43084009000138185
0.5564969161432662,0.4577048683989947,0.39053922443860356,0.19171177651226246,0.7321353115251048,0.25552279100536723,0.22535860445800587,0.11079025907369747,0.19361699543812189,0.1411047362170528,0.04979567567300194,0.559333333333338,0.13634323190048953,0.4200281627581039
0.6408587850949193,0.6448723133593264,0.2628255416784787,0.22587641446682255,0.6077634192871724,0.13728471054296626,0.15717768743323368,0.14752821944448058,0.20751295872553466,0.14530025903217822,0.08977226848822054,0.6147222222222265,0.1906639595285205,0.3472129161941017
0.6041187724521173,0.47885734935647584,0.23558378782375,0.18098235379318997,0.6896756742159162,0.19857977515777447,0.18880801193522437,0.10487329406268084,0.21745358968572653,0.04292900919884673,0.03798058120916995,0.6951111111111078,0.09207869583419231,0.41996715001552776
0.45160992565197383,0.8980299356542023,0.5191291535991885,0.19371741844318036,0.48106952329005853,0.10406187298980536,0.20023994526310235,0.13492202578474471,0.1897147455927498,0.07979193500077836,0.08088472548016011,0.599944444444449,0.26060558697342645,0.33186489009616743
0.7843396219770261,0.7285943361709635,0.5165238190698571,0.20716849537907367,0.49828746305740235,0.14670580423037216,0.1330309930414496,0.12402453171337854,0.22240387327529015,0.10912283765810629,0.1211611544980654,0.6295000000000027,0.24119929802971007,0.3315073833608386
0.5705204487881242,0.4839761786572909,0.3074474270584008,0.25605039285540065,0.48419297036897696,0.22515868481720797,0.15978814412651787,0.11324558018117689,0.20684044348966263,0.13840929747598038,0.047657476920380235,0.5500000000000045,0.3330545760665549,0.34946205378012807
0.6544639656654803,0.5203868174096984,0.2557578268205701,0.17687093001087198,0.6580361749556972,0.2275271124100659,0.15681221343769844,0.21237110858393726,0.15825572063323876,0.09161608479360417,0.09795928599983564,0.6022777777777824,0.14275492111845722,0.38444227713740986
0.8932276699311517,0.6624649275970833,0.3228357965959293,0.18468930822775545,0.700444557633689,0.1181086679291857,0.0936891012801965,0.19494957798626428,0.1850520810395984,0.14364315479657652,0.05415878069100481,0.6535000000000001,0.1062909401886681,0.34701590277596833
0.4818122189403262,0.7518159793520137,0.4228994755762996,0.22710033246070271,0.5257668451989049,0.1309543909479847,0.16185387845566324,0.10349378814385131,0.22579940966879664,0.11991516532684082,0.08645165943044027,0.5842777777777828,0.2613977784065179,0.32115439066110607
0.4791005104017892,0.6987333731251747,0.5883578847245416,0.17108843961006465,0.504322056574569,0.18599047971490246,0.14893949701794396,0.15865905767928917,0.1713134991348803,0.06918633792905267,0.10242299351431468,0.5631666666666713,0.24605587421659536,0.32769443255586983
0.7485481566734447,0.5519827525971386,0.1825431499794311,0.18189555592177625,0.6106884588263571,0.27044619587224017,0.16159005306239743,0.17713420244044475,0.1032747058005433,0.11361502214784067,0.11054098843300639,0.7499999999999896,0.1022077716133529,0.44636816066796703
0.6669579538921773,0.5772380739793945,0.5086716788088081,0.21649097878246998,0.568808304298008,0.2719107343816469,0.12342710103785354,0.17519044987779886,0.2038668986409711,0.14967041393797925,0.038996895066686695,0.5880555555555605,0.22252008537144927,0.33685470054644945
0.4551453184132248,0.6293856961859108,0.23222154721678795,0.1972833692682061,0.6448594478068967,0.263454723338295,0.09807732986793748,0.18971101150072478,0.15966014722738026,0.1270632957814532,0.05636900494894637,0.5723888888888936,0.1747529868675859,0.38224290928068017
0.5621183846116588,0.8133500718625831,0.31616993121096304,0.23238616945265722,0.5306218358458745,0.1269208395846154,0.10406262660291946,0.18505123763869769,0.2453398770020277,0.1031004538045022,0.09683540622905762,0.605944444444449,0.24983147417799637,0.28916585934241473
0.7415746024210403,0.865191681007366,0.22529066093070263,0.27113217932461464,0.7334984904398232,0.24811702987671364,0.16311763597577772,0.12514916170615792,0.1291412056009547,0.08431104921723864,0.11182333591716556,0.7746527777777666,0.08208439523411183,0.5194353917824611
0.5479996307904257,0.517392108779439,0.213900863984245,0.19902104542555427,0.5785589193635909,0.24509694563537465,0.18879360642424647,0.19151768071731146,0.22085605762076999,0.12834049618135077,0.09013168046754222,0.5583888888888935,0.21968554052621952,0.35818135987582733
0.54318273682059,0.5310230021649143,0.4289646125552701,0.2591231458713909,0.5159243407310432,0.15294558519383453,0.1419984728242888,0.16407156425542335,0.1926544728050133,0.15195619373488334,0.06658582976706601,0.5500000000000045,0.3104389161694773,0.27765592518136095
0.5733678427393651,0.6006419271840121,0.4467200425484058,0.22638398402645973,0.6305652423323486,0.23565076694550077,0.13979412797753293,0.22844450094398813,0.17258034302088948,0.06267271719577339,0.07849261378994704,0.5799444444444494,0.19640281715669847,0.3458523378682822
0.5870983551387081,0.4843683851870738,0.4615068901058954,0.2750687161052305,0.7113808643317809,0.22725592985677145,0.23056815037145983,0.2311457531690885,0.21722863286167,0.05934498095703023,0.04160511595784872,0.5500000000000045,0.19748400834067992,0.3603163294508938
0.8266331684445349,0.7033096349696795,0.4860055849692205,0.21269667944557372,0.6489980111165452,0.232167936857531,0.08020927972248383,0.17638619923725435,0.24074949986677102,0.0909855862057033,0.07018340928316469,0.6347222222222244,0.15043809694449845,0.32996675796921265
0.5986542169368657,0.7009750337519243,0.4956810565443742,0.25515245723867874,0.694151778745008,0.21825634013441284,0.22910847202981238,0.09323098917498575,0.1706903931146898,0.15463775483670933,0.07214316171214633,0.7434444444444355,0.09954807234717358,0.4200134717592766
0.6682520725834733,0.5660161036085993,0.5576342628527143,0.27347544215305186,0.6613331043179196,0.15162101172749032,0.2396230993715054,0.13118021539608657,0.18566868137539144,0.09757812845309766,0.043482365717055264,0.6129444444444487,0.19107850385425607,0.3856314211736757
0.652234205181531,0.46221711963314965,0.1518368762543888,0.25817335138740216,0.7349596465420116,0.10609518197737629,0.19309013115986834,0.15970371350208562,0.13509804848233584,0.05365455940179521,0.12132872588544374,0.6242777777777812,0.13984346377874451,0.4012433995456844
0.7323160169286875,0.7621832447037856,0.37167468151987604,0.17529427639255354,0.6388468751502498,0.1561274708043875,0.13904065038119082,0.16202622292635832,0.09277308925598297,0.1539655978666952,0.07748830701980898,0.7434999999999903,0.09113678551634005,0.4190709744298073
0.7495695157201225,0.6889303015615345,0.5152227181572129,0.21230167316716658,0.6658067071734484,0.2616202813213395,0.22459539283740126,0.1265522153863605,0.08045838272284042,0.10525903844438278,0.05040061664769724,0.7499999999999896,0.09205054016939314,0.5122984597367914
0.478276877679432,0.84128919689141,0.42956512942963554,0.19262275963126396,0.7385967265950695,0.1318719689466692,0.2345630585027439,0.1716012698786007,0.08136692862841774,0.05237845926728792,0.09888547753188535,0.7499999999999896,0.06337068625612849,0.421308884301004
0.6837087839064756,0.6729860570621662,0.501887286082581,0.20101714393353082,0.5503062125163725,0.16071772151303046,0.23162228680907693,0.11287652600997602,0.13087858069739514,0.13147555171462083,0.04737662411115264,0.7248333333333257,0.15116739672431603,0.4196584084485295
0.5467154458589221,0.5623342747045658,0.5743542294452526,0.19236340803784518,0.724629515970352,0.2506195995842649,0.20855558846650374,0.12496139514296815,0.16978387879495407,0.1542296792198224,0.09339827333971473,0.5500000000000045,0.1454374475612434,0.38822979220511045
0.6304065625423501,0.4785744520130373,0.32599250542939845,0.2590989429320602,0.6974360887182827,0.20972018902658435,0.18553811668485548,0.12253294131738565,0.12831319422711052,0.13556884800441193,0.043289559387595926,0.6793888888888894,0.1268044716055209,0.4200009923763471
0.6393132338885703,0.4656033706400711,0.2395679721005164,0.16914275528239192,0.6824339087964086,0.27447217837451376,0.13675507999682635,0.12007431257224367,0.19351783326279465,0.061265745900661014,0.119543601426003,0.5881666666666716,0.13460872519816464,0.4142329649587048
0.50863784960249,0.7043590416987242,0.16906060029062497,0.16157382649746377,0.4846180396844704,0.225591298505736,0.17474411192970926,0.25643660963712833,0.13261166859648704,0.09346204249447244,0.09255228608805652,0.6281666666666695,0.21868845442785784,0.39863020609824634
0.8177699482443739,0.889454232420592,0.5127453572613893,0.19535943101677034,0.6465735868882713,0.20567850478911384,0.15141497777054796,0.19579111655116835,0.18190036719069286,0.14249117914032317,0.09702887923462286,0.685680555555553,0.11990702621899924,0.3814198528387497
0.4870799297377276,0.674129862109726,0.5624667077092299,0.2588412278256517,0.7372717633051026,0.2007572402356856,0.18790747454724194,0.25718435284088287,0.2154236269601596,0.06570157847820875,0.09112741822687936,0.5590555555555601,0.17126031936828848,0.3101269212496022
0.632346427945259,0.6375175930907337,0.4331223072664714,0.19715804345401008,0.6379037198960655,0.21937362466826732,0.09899225311149379,0.09286484536922815,0.08130687797848138,0.1265318335734718,0.08677349521168737,0.7499999999999896,0.09710985175855448,0.42712891036292755
0.838553217837936,0.5753436558805256,0.15332131317297554,0.25131036593144007,0.534922994820249,0.2603658606463888,0.19148255266874858,0.12057509636470304,0.1316194343911278,0.15133577171216847,0.06762233366929596,0.7499999999999896,0.17477703599745859,0.4830574039911701
0.47264767102717486,0.684732190236125,0.4324026554241691,0.26720243025052176,0.6980689965345058,0.125696153370232,0.19274023873326673,0.22059223446288742,0.1251196863522312,0.12168189784259037,0.11913924988776002,0.5647222222222268,0.19280245512351532,0.31818903063134224
0.4920247464836287,0.8694833263320658,0.5072140649292366,0.2522291197535603,0.6901523907207073,0.26815048245003165,0.11887405421044756,0.09057064840500545,0.2320385681722476,0.07485500553236023,0.0624499431894045,0.6740555555555534,0.13171044606627977,0.3969005702135542
0.5204089283619295,0.5910589119581304,0.4032694443026369,0.27811235597085093,0.6136619286774148,0.20098592200632495,0.20993566564666466,0.17438860797372963,0.1561984067330876,0.12342754070538628,0.05552062905326578,0.5642777777777823,0.2489846831622943,0.375708283453241
0.4723626909557846,0.5872331064751053,0.28456865395593334,0.20108837627420798,0.7225311740473916,0.1116167898243131,0.1105194188044383,0.1578546740751115,0.19644648918819424,0.07779776792482604,0.0708163336747368,0.5500000000000045,0.15078866592471205,0.31011092477976776
0.8797472587756552,0.5230296262798433,0.26366165338997194,0.25340902993069003,0.6248213284057296,0.10376956963471134,0.2185492852579209,0.10992978069966242,0.23419869854473652,0.08769874986409623,0.04435437662378169,0.7356111111111023,0.1326195021314224,0.4176475755437875
0.692378632702099,0.48740842102423604,0.438525889626199,0.16834000317903317,0.7188188149765611,0.13692231035874253,0.08144832496863069,0.25266250374153165,0.20545784961993846,0.07338215298315079,0.04650720426854989,0.5676111111111157,0.128483580115067,0.26755005197387277
0.5980941677274156,0.8233133644122845,0.36822859586756707,0.18393274477388868,0.686718396361085,0.18229731045977354,0.20555559822215408,0.10793538089242972,0.241153401908832,0.0787830029114528,0.04138343243187951,0.7180555555555487,0.08622222661857695,0.4171344914639809
0.6772864075638645,0.6048341870725631,0.5714638447435385,0.25360103924784994,0.6713547663494241,0.27395594081934144,0.10606222129038508,0.22001200147948752,0.2122648099118496,0.14784304307205973,0.09045821295937936,0.5826111111111162,0.18967620942397356,0.29670827545909767
0.7517468247887527,0.7396853524904478,0.2348705186607099,0.2580437642587155,0.5416454731239299,0.16018953959901144,0.14172667689996568,0.1630544686811578,0.10547633225938848,0.08260162123006129,0.10302546108334266,0.7491666666666563,0.17470617068959607,0.4198132533881182
0.5933486894970827,0.6457028772766946,0.15734770348420216,0.1740928490107189,0.6880292811608697,0.16799770731307223,0.2038769247991519,0.22458049831282145,0.11056519683454086,0.13883078785635444,0.11063487833202987,0.6588333333333328,0.10431469259264062,0.4150238931179105
0.4544047669250838,0.5340470152546457,0.35452843682944635,0.17973974052148411,0.5930135659034994,0.14569781536058407,0.1620963819571929,0.19907115498261685,0.14402224792493526,0.10135439372808269,0.05003911629061404,0.5500000000000045,0.20253933204530428,0.3223697939738694
0.8206978635602085,0.8715892047421067,0.5368330282293312,0.16583704344138042,0.7078801454593732,0.23860867794677873,0.13162095136685253,0.17493821194694395,0.13813520782054295,0.08071972890587074,0.1208324936124706,0.7486249999999907,0.06540335779544529,0.41699793442820643
0.8143034298001924,0.878514524767406,0.22865711580595421,0.17459765016327308,0.634248270735615,0.105307918964767,0.14816761572340542,0.10766886254171035,0.09029101173646295,0.10677448071371407,0.04632791070248762,0.8128472222222108,0.07438115006760142,0.5229390669674779
0.5020453175721918,0.5261541240068064,0.5200186606561238,0.20451112001477956,0.5485130281639959,0.14615811537923556,0.176375000707732,0.11125806325535155,0.13354701033281702,0.11134767859429892,0.10911259837542758,0.5500000000000045,0.24664978163151174,0.3254564248223589
0.539230959237271,0.6443812918579718,0.46302380555801126,0.21980795201367126,0.58452945540134,0.1312660601802308,0.23578023847817237,0.23329954282334175,0.22829229828002268,0.12614304382821492,0.08899451343635756,0.5673888888888935,0.2256274723016352,0.2850512979190316
0.7456813486777469,0.6714394313264518,0.37564889117692724,0.19576979907062392,0.5769428985411096,0.12437807137250051,0.14725857661943803,0.1938068051171266,0.24336598038777235,0.1406985001256697,0.11135320950393342,0.6089444444444488,0.19256409375448072,0.298538632503207
0.8731862285105745,0.8966187572976517,0.43980156964390615,0.2494051570093741,0.7141881231324209,0.11480950778788596,0.2296922871739348,0.10324569740970196,0.24986238554325585,0.15259438319573518,0.04592796140938499,0.7526805555555469,0.0895620268332001,0.4123633618898042
0.8246699908613393,0.7541933866748423,0.5807801720109117,0.16945227599325804,0.5880073359735595,0.10147722151162693,0.2399499923273225,0.17571067019469866,0.1656064276350478,0.10480137311826018,0.09069114523160679,0.6619444444444437,0.14424765217601965,0.3711940825731733
0.8063240895950056,0.6542412504889692,0.4523325704733664,0.18217842574065019,0.6497866356466967,0.23521493341296262,0.1438576525570298,0.20267964218075402,0.24641876619437264,0.0904748651840557,0.053995078570370655,0.6351666666666688,0.1339064512101609,0.35585489275514526
0.6581575253834423,0.6777024203317081,0.591584731941976,0.2586370682889003,0.5611296499744911,0.1998807348934047,0.1563698375081137,0.2222804059181403,0.11446666832936349,0.050915114755368286,0.07337635288977104,0.6232777777777813,0.23740590366954445,0.36764729759786885
0.5577672691160558,0.7399622353137459,0.2057972450056223,0.24073127743308748,0.5914765359954144,0.1853963704172678,0.15268683705851283,0.20376503540364171,0.12051975875832596,0.049227800400392735,0.05954866275742943,0.7221666666666593,0.1504589643712169,0.4178860051318402
0.8603469761945979,0.5587186034725431,0.1603041320260378,0.20006588774612238,0.6380647897883109,0.14433757947693213,0.19842548404438565,0.25146539872387885,0.09430049511567225,0.04406377119816897,0.037614669881132996,0.7499999999999896,0.09812979434773829,0.42832280470974204
0.7021437740814349,0.540836719975292,0.45058359203430987,0.27615401254751043,0.6661936886659159,0.26170782517194524,0.09947922346525677,0.22323763251361295,0.16684669406928304,0.09370376905580513,0.10074856152767392,0.5868333333333383,0.2043728441745587,0.32145475122017775
0.8775453281506409,0.7121105699340597,0.318410542170259,0.27699529934618283,0.5652139011896382,0.1298141548537648,0.23389812867507337,0.1237769759425576,0.22448233614872226,0.08034580445940648,0.11281552025352067,0.7274861111111034,0.1836144531710215,0.41389976760575786
0.468043019347132,0.5469175020093181,0.5320624575217184,0.2354219943123892,0.632744043768142,0.23372493442475983,0.10826897047199824,0.143047205057488,0.22934680087995757,0.09805164859593302,0.05579443997875101,0.5500000000000045,0.21560820262896352,0.2958194547736743
0.7212701062953094,0.8341680391714221,0.246811230548717,0.2244918386040794,0.6669734565763332,0.22437566490395316,0.11930699741407605,0.23191921728108086,0.16120230304303776,0.10606633721833533,0.06916485650785467,0.7065416666666611,0.11395959434360539,0.4046775358811353
0.5859933434093014,0.5057764115791061,0.17023020235165884,0.19976317485618725,0.6333139571455663,0.13799022299950056,0.10085055374837623,0.24880880575012093,0.2104568954698297,0.06684298153069718,0.10471037471943807,0.5640555555555601,0.1862438183080365,0.27781877946783357
0.4593762011470896,0.5848190854661902,0.24471573379072128,0.2625954566955419,0.6997140986882758,0.1441506379477732,0.09649948878038324,0.10285868368655252,0.09164278460500058,0.07212231728220357,0.09587990553294481,0.5500000000000045,0.1960272585440988,0.38918481381492587
0.8866817929306039,0.6221280591323504,0.3848825194907471,0.20817444802897442,0.5816577308640366,0.12390560402366196,0.22242584892820189,0.25613229396947623,0.17898249207161687,0.12588077697084715,0.07057316951224846,0.6393888888888906,0.18139831627267874,0.34546289244263384
0.6938529461902608,0.75533175963805,0.49906441251831035,0.21801831519624437,0.49132586937877176,0.22184750198172787,0.13247552872978607,0.17329924003038588,0.20494637538520843,0.08120681067670019,0.04270754393972087,0.6429444444444458,0.24665285540176676,0.36256677127087006
0.5898477654560556,0.6000944071754544,0.44196701356528356,0.2501489761718593,0.6618954221181049,0.21191028229436726,0.10072420460699927,0.21442985708327558,0.14789523683290767,0.14418353087435637,0.05249035481734106,0.5802777777777828,0.19383958489421962,0.32909464004539435
0.8987651966189523,0.8544817497432764,0.16208937549688734,0.26444110299059354,0.7553876775431505,0.20393330050403452,0.1583034286612014,0.20014610420347761,0.13667300612648167,0.04458930069361888,0.11421584222343713,0.8043749999999886,0.06583823158988757,0.47406406301356413
0.6281013281888084,0.5800877473125434,0.47995678598857117,0.2669225537928104,0.5009693570665271,0.20367270684639363,0.19557048248066522,0.11924895421512106,0.15695784236391877,0.07800149146276159,0.07612496362559049,0.6126111111111154,0.29489307032302253,0.39425874831441704
0.6557991539294571,0.8440659199582385,0.5679743429915736,0.2749492140631578,0.6396982785620926,0.1506084717881906,0.16786727864826817,0.1568687619081182,0.20207041967784248,0.048358019931335025,0.08771276459213448,0.6479444444444452,0.18411796077462672,0.36261573183948886
0.7126510216486095,0.8418073252654343,0.5514072942131434,0.1690634859591036,0.6726928542576422,0.13661969803868507,0.1476326720255599,0.20184623035634264,0.2467714776486441,0.08136290320809304,0.08854346244009992,0.6287222222222251,0.1206648108811254,0.3205684649153275
0.5253859481536064,0.8839543527465589,0.46412687713988554,0.26308979293703394,0.544603885211494,0.1666754512233956,0.14008272350060103,0.18864608687014423,0.08636473169219461,0.11085380060715633,0.07277982213816325,0.680388888888886,0.21705663918409987,0.40134398135119154
0.5613404519669273,0.7960197420594541,0.46722757011386606,0.24331589651572327,0.6513621687357224,0.2623214040954904,0.16983315579749597,0.16331841660852414,0.09785716774134459,0.14044146166164295,0.08794588488863328,0.7499999999999896,0.10947032832423802,0.4378660448676184
0.5843064966274935,0.7154830335788658,0.3610904804154751,0.2556116622788214,0.4903821784712279,0.24071296770783077,0.22163280829321896,0.23062003706365589,0.24721617658636708,0.12717848629252698,0.05528214787757436,0.6042777777777822,0.29934890868753805,0.34610026813176875
0.8391699114384883,0.5287358428371371,0.5956103156287051,0.16789071641635292,0.6893760127153781,0.17117188491911572,0.1797020112101997,0.1276384956354243,0.11374051639198561,0.06370113619765377,0.036604740546301,0.7499999999999896,0.0701357169107706,0.42399827638578014
0.7349275801711043,0.8039039586406754,0.32383449425077193,0.21166399723639281,0.5155275834600401,0.1162992909873703,0.10538195534870276,0.2432603153449517,0.21207274197665094,0.15789505376016677,0.11774291828086247,0.6160555555555598,0.23964618357690126,0.2751332393341744
0.8994114241679548,0.8320666676152331,0.29624715703414944,0.2036583867909323,0.696346918387429,0.16340835266727238,0.11643474198783171,0.1208155240748464,0.10514345306535411,0.08319288834736566,0.07946186147059908,0.8061805555555442,0.06537951701638589,0.5016373925160413
0.5674558756425243,0.6755800328832283,0.3324526106310375,0.22216479696521324,0.5252187395601079,0.27253874497753444,0.1256691974093421,0.18721603356817862,0.1868676859510639,0.13911960859656883,0.1063383652679191,0.6016111111111156,0.24858385524462148,0.3484134256607138
0.5946746610609092,0.5978285061911357,0.3248072248493844,0.1979862142626838,0.5583862892727781,0.22826665481692826,0.20320315340350215,0.09093750737470128,0.1417867588854434,0.09476475362810068,0.0729511285750899,0.7499999999999896,0.133484729825371,0.4500395334286987
0.7590054746920459,0.4664204762602495,0.40286655540436256,0.18482709709737635,0.5037575087352198,0.19277076055693898,0.11491956970579278,0.14706466509543806,0.160456173798768,0.040516319515084644,0.11902568430381093,0.592611111111116,0.24122316679915484,0.3548256639905258
0.6715607632773051,0.49312883774036886,0.466359693839529,0.22118192064101305,0.6067403739923656,0.14363538346394,0.08260804526456103,0.14440637083474706,0.11173151465441813,0.05877542514067839,0.09862896350990216,0.5730555555555603,0.21023522428171834,0.33082891534654524
0.617478536788937,0.5376206174560205,0.3652048037343738,0.24202349151591668,0.5721218268427979,0.12601726518841705,0.23449512903853992,0.19634814447029092,0.09224746546826208,0.10901569351342305,0.12028727321847371,0.5842777777777828,0.2402562636678187,0.36088599262981974
0.7674016825062167,0.8348423614665607,0.5931392232682767,0.25625847648182853,0.6933675095574836,0.25744538844679205,0.12201602484454471,0.09635057808230316,0.2378085660775474,0.14578772839954712,0.06342085148312403,0.6744999999999978,0.1319906986281955,0.3848602640035204
0.45542406960891213,0.6490222751908615,0.35852671937891567,0.2687979590280686,0.6841384697198486,0.20932367384578765,0.0946282322525567,0.1858337506686249,0.13455323185202622,0.0706128167943718,0.09934780644434602,0.5603888888888935,0.20323925175333257,0.35212423243642166
0.5758061785492685,0.802855250396304,0.16652526792330252,0.223144095842228,0.7588188081470217,0.23045577365229178,0.16260817221803386,0.16638748693486308,0.11495365132249377,0.11673639488660664,0.04053087192918504,0.7499999999999896,0.06611866559174583,0.4997614155087225
0.6853975209315688,0.5766066327574986,0.46925585333456277,0.2724043570483828,0.6558103018718637,0.22263746903986972,0.18505927937089903,0.13754021108524445,0.1917848845268476,0.0903518400099009,0.08665983330078834,0.62366666666667,0.18744221175141657,0.391560815642057
0.4954736090233516,0.6965649370895255,0.17675435416940258,0.24496124717809795,0.6502856981216214,0.19532257270906372,0.09430079922178754,0.1646423404420287,0.21945289939413581,0.12932736497406566,0.07997727654141806,0.6003888888888935,0.18641757518874244,0.3391780126364823
0.5308879960364865,0.6062249409714954,0.3094169141493476,0.16362829960021708,0.6339398751241756,0.2013132529763324,0.18235018393691996,0.11356671603459906,0.12422841269570417,0.06317085536980585,0.05136504510055544,0.7499999999999896,0.08663580059026686,0.44170310720052824
0.5529786712236949,0.6683323349968777,0.37787019112289943,0.2659983173286577,0.5371900575677353,0.17910146785325148,0.19802959435651563,0.09975579667171168,0.21666812863078022,0.1532125009679502,0.08402117882590124,0.5967222222222269,0.2754694873098427,0.35833386921702304
0.8944719453192991,0.537199771524492,0.3001808532378711,0.18158138759817727,0.594870204169368,0.14898011855842128,0.17374510043144678,0.18800157559427522,0.19568936840611614,0.1559207417380936,0.0718373832808902,0.6427222222222235,0.15662116808834609,0.3661438487077582
0.7197430419074786,0.7375922260912712,0.5308290823405657,0.19462513752579091,0.6225358906641781,0.25903195737641715,0.20808735496279412,0.17946946086486568,0.10162401658143705,0.06743953949300296,0.07740796183618821,0.7499999999999896,0.10228108954135422,0.45191002200042535
0.6799693559056726,0.7294275806580406,0.34730184676737996,0.20584539856380907,0.5766311549489226,0.2345167665977509,0.16948045087792882,0.15931447771641244,0.10403904082914198,0.13261925262081548,0.07470297903262774,0.7499999999999896,0.12782004497553928,0.44408728860291635
0.8116493784576201,0.6242882339286231,0.37248578002554755,0.19858097736385863,0.6252573390120484,0.1839155746890705,0.19053858266015056,0.12801411051165737,0.10946277949405157,0.05377831139027582,0.03994880999484323,0.7499999999999896,0.10269923268541328,0.48497725549843423
0.8125662421473507,0.5125978832897785,0.19901123997458076,0.16329584014853019,0.5289370305114096,0.17773474236418535,0.15413228574925902,0.12100654587685562,0.22271184316769121,0.060494757555999264,0.11988619465153215,0.6704999999999982,0.16905535307927633,0.40560651444992313
0.5640151858718263,0.608475481480881,0.27479106445372764,0.24730319778364312,0.5618107912632414,0.1580514600318631,0.20170182409161658,0.21340315811969726,0.20677539031335662,0.1569667984086857,0.047022302089425275,0.5816111111111162,0.25241053809267744,0.32623132095129287
0.5415969258129327,0.5086987753361908,0.5394426675460468,0.24494281904748355,0.4934195981095065,0.23124045592459172,0.1204425188551409,0.2393045790206468,0.1163423265056889,0.1481927985216908,0.08620463589003666,0.5500000000000045,0.3169398873579076,0.2795745151258763
0.5828723024739823,0.6772657162938791,0.29046828781591416,0.2774692260030725,0.5480875324580572,0.2785638016335881,0.21405913098563212,0.1451030814275538,0.08560943497369773,0.10419909847893588,0.05895404641984342,0.7499999999999896,0.18100432972044211,0.4958161983488402
0.46394340841836623,0.7349054336185229,0.2649547602670945,0.25248188397596383,0.7378409987490513,0.10748283564269881,0.21193298786718034,0.22476101046850555,0.17438490647936977,0.12567894377874314,0.0928796153929683,0.5842777777777828,0.15555595333444958,0.32783158557330133
0.4526945476945828,0.7874325013596308,0.3422124510877672,0.24062033922779555,0.6310456273570793,0.2394440231073188,0.10326124309036498,0.19098079947799868,0.1881484573084689,0.08929952562289947,0.10538594951504572,0.6105000000000044,0.18894080972992647,0.3562902089337514
0.8848187844350107,0.45601299133304357,0.5327253633786132,0.25716716037183907,0.5507366512023479,0.211423210542462,0.1731146156994391,0.16776676186038728,0.20921517004608253,0.06080420044357877,0.10498733819804575,0.6092777777777821,0.25183782277851546,0.3590735846959866
0.8350312216980851,0.6205687080618223,0.2608416156833965,0.207818079576368,0.6275953628757789,0.2730848583219627,0.1990252592319673,0.09664270569137587,0.15248297638150382,0.09982487632153736,0.11718645186182709,0.7499999999999896,0.10534412944751613,0.5048905645169314
0.8094647675952742,0.6548073781311484,0.22237888550118884,0.18627579874134556,0.6364186587039299,0.23409722481632808,0.14241900448058636,0.14153447041826223,0.1649945884569665,0.06874327035150185,0.1094298907655408,0.7499999999999896,0.09369266619708869,0.4367415647721643
0.4909134853333002,0.5242028536896192,0.4346569031115569,0.2160940844457718,0.5121076539397368,0.1663465483816771,0.1934683901591613,0.23436326250629025,0.1921391655728768,0.1402206430296987,0.03935837306749274,0.5500000000000045,0.28053663509478177,0.2845667848005669
0.6156819242950051,0.49536574812781387,0.2244305666909811,0.2330362504675217,0.5551855181231302,0.16720040339963899,0.15013550468432335,0.10595494341707296,0.11365634373601599,0.11965048701456832,0.07511191849739104,0.6070000000000044,0.23264617581972621,0.40813784710283896
0.5770089638703471,0.7727175164680009,0.23075256147722664,0.25037702197216316,0.6651388891000877,0.19961147379952432,0.15227587213362814,0.11459698874292888,0.1404735545030549,0.046293898131358556,0.03676369615760952,0.7499999999999896,0.1065136299627272,0.4782791767546202
0.46104176582358003,0.7588749725048741,0.542287206591203,0.17893918101561088,0.5993082392484339,0.14051330314956909,0.17739832464160865,0.1420120914503586,0.2451452385386108,0.12627870456290574,0.07516048070358991,0.5690555555555602,0.18938236719008258,0.3044518442048984
0.5505557045241921,0.5924023278121271,0.35280400836456716,0.19837233501572663,0.6159157099032365,0.1625543689468821,0.18673839117197655,0.13602398635736382,0.22639263728312709,0.07546131122181957,0.12487474182171891,0.574722222222227,0.18957710203748426,0.3501408919312482
0.6537739760147596,0.6799326174833259,0.2548010223622986,0.16426674384488948,0.7248989586057882,0.27518049980720605,0.10804369029768639,0.17018909036918928,0.20049707530625283,0.07177536054146884,0.12475874588414003,0.6624999999999991,0.08654022133123984,0.39433703899218675
0.669726134948821,0.8596390878911562,0.4532018511241658,0.25415319078692566,0.6740994525365364,0.16084010265361737,0.09336799243850091,0.17116462177015906,0.13968968385985106,0.15681550836431662,0.08581544119405043,0.6627222222222213,0.14596648049178873,0.3703602043318732
0.4882671826990367,0.6820012090486354,0.28364426333746207,0.2017866909360724,0.6145162584377639,0.22654042158720636,0.18326768236699456,0.17799883860200116,0.24290134982175643,0.08878955993428031,0.07683701060543346,0.5925000000000048,0.18350913795549617,0.37016658133942104
0.5437085088186417,0.8467904787413634,0.3140857596425981,0.20746798904502084,0.604252476633031,0.1765123809363975,0.1768360342624754,0.23996000097282946,0.12034984695410439,0.05972442345782752,0.11388521113991569,0.6709444444444427,0.15199671142850757,0.3998539263595132
0.6815988685169474,0.503171639574336,0.1649328678650568,0.1870264789153641,0.49446986944279436,0.1279807256528218,0.1587584715340605,0.16973871007481015,0.18902393987045515,0.12322813310678027,0.04949270715495615,0.6006111111111158,0.24519481973878135,0.3487407304013285
0.6779550011665819,0.5163419771770886,0.27981805513126856,0.18888885093406604,0.7337989649649778,0.21114967253360506,0.1309980709936854,0.2035077300049738,0.198876309026064,0.07510615357723772,0.06890629969059561,0.6013333333333379,0.11782000386798776,0.36217843049262494
0.49393092534719624,0.5698274915951167,0.2759519841158893,0.26281714823475605,0.5572890605198703,0.10952865829653662,0.21350378501761297,0.1669776384691157,0.23477374997292616,0.05256265740751473,0.04405559623738325,0.5523888888888934,0.28170076510858955,0.3288764903645816
0.46779496996402226,0.8858323611777844,0.3504858811020021,0.23488464633396577,0.5733924391730617,0.26803479375870487,0.23396522460144514,0.23373738480693265,0.20839729305021298,0.08902848636131702,0.09401142525556494,0.6506111111111116,0.19709194418699666,0.4001143812646482
0.6136568354206553,0.6511622774190601,0.5610806729211906,0.24538344209066346,0.6636748262040056,0.10814663814716874,0.2046981598225221,0.19232940702431894,0.15526878071940736,0.1152096027563192,0.08304725591508073,0.5899444444444494,0.18496678617348242,0.3212729654485227
0.6036146625933815,0.45011447502120416,0.23407604963857986,0.23934112606623714,0.6673395429200601,0.12116501920200312,0.12422019791977346,0.09852923840014667,0.17829037422563498,0.06466625574599386,0.05654406675180024,0.5500000000000045,0.1989260965564914,0.37141504240922946
0.8665554395026714,0.748523518979731,0.16320047516508965,0.1867280546231045,0.583493798026333,0.22062901710722763,0.12316700816957268,0.12603766147624834,0.1385293186562656,0.12479109524613613,0.05149603522333592,0.7759027777777666,0.10857361541925908,0.48531200536355484
0.8130640502646809,0.4821988103092447,0.4432484493162192,0.23044692420756674,0.6836422148153563,0.1400985171818073,0.23705019226094048,0.11629460458180939,0.170859267083097,0.14868000732567316,0.04867210550898478,0.6856111111111078,0.11887908187771572,0.414063038182709
0.6467043713622288,0.7796033783226068,0.5580142981479832,0.2227115483871005,0.5531344099696037,0.1333954196037089,0.18350983077014893,0.18037051566412526,0.1426530822430251,0.15011272805056974,0.06518757261199142,0.6248333333333366,0.21669330726773037,0.3474658492815099
0.7870441096995093,0.8662619610592709,0.17825923556123366,0.24869501329588004,0.5382850949472343,0.19653762372608902,0.09379868369560428,0.25026596436572285,0.2310840973086073,0.13297379231590817,0.12456172085220414,0.6559583333333344,0.22892994122107338,0.3193411743635494
0.8880101045990395,0.663667197401296,0.37947702134657535,0.2732782104564583,0.7169630805772738,0.11042328734388006,0.09231206555189331,0.20097090416059712,0.18431262178192837,0.07674502459881637,0.1026457827610853,0.6452777777777788,0.14482233346506035,0.3323085505820112
0.86680393651137,0.5456133087576003,0.43958333134182814,0.18732382140009374,0.5022229096822957,0.22801673779614273,0.21304134890352033,0.11686037687342349,0.11936191820567854,0.1346006476415241,0.07655135880552372,0.7499999999999896,0.16013958608398496,0.4459605192473458
0.5148177798372516,0.5478970288875452,0.4790204803006948,0.21482594462397572,0.6143326399995126,0.18322594477570753,0.14679210062954212,0.16427324823345543,0.0883131245043643,0.14689536624344182,0.08827001252242561,0.5500000000000045,0.21289677910747476,0.34624411424162765
0.8584482431143516,0.471454926981369,0.3621281538665257,0.257405220602354,0.5959637240603664,0.21033533639781593,0.15788045595273514,0.22145845402036463,0.09894607631204846,0.13419923747914425,0.10964702186452974,0.6220555555555591,0.2142737079118305,0.3734989991672661
0.6710907186668432,0.6565925242131563,0.20714483968153408,0.20032376463717239,0.6573949393506293,0.20278432858064227,0.2028321562433634,0.11878100026087929,0.10423611435563981,0.07427812908549747,0.045515356764640996,0.7499999999999896,0.09090589315689476,0.5215432404759142
0.5126249690787889,0.8873535784100359,0.4947602322826694,0.24990073524632972,0.6582010011399794,0.17437012714405659,0.1411400446970948,0.2500412400862942,0.10195984157910618,0.11229787258233775,0.11593813988324944,0.6317222222222247,0.16821685985579532,0.3688227302243581
0.8771720786357984,0.6210046591439272,0.5688999469268786,0.2675945486911192,0.538999661148874,0.12490194730702364,0.2234042159681786,0.2251284929149601,0.16727985093451142,0.050554527940582,0.05738940741480843,0.6459444444444454,0.24576715253741513,0.3563732148998799
0.7057570780500609,0.7690945141750396,0.3010517644735582,0.18993086030249545,0.7479544061994734,0.21669879476116805,0.1877850389932581,0.2529918690422588,0.2014638546712568,0.05513534859511964,0.11219899333549781,0.6680555555555541,0.08640511041549073,0.39054822019209334
0.819066247529252,0.648358679218343,0.23660996857131095,0.23006709406970355,0.5093965570328413,0.20633585331733095,0.08054181317124069,0.10923323892924558,0.12333153863400494,0.05618738849445448,0.08521246492542678,0.7499999999999896,0.17944576767845788,0.4303887633479402
0.635004466410079,0.706307563660687,0.24997497442972316,0.1756056208023704,0.7290321977380428,0.1956969332569896,0.11832975867169652,0.23773756423318,0.2041426680963015,0.13683999130841495,0.06307002942889124,0.6272777777777808,0.10293845889231376,0.3522022847465851
0.6965641029575582,0.5505953481489394,0.38234150585015153,0.2692908446661916,0.7221647436018797,0.13048517094667025,0.1981025838703852,0.1837273993967129,0.196676118899698,0.13074498315568578,0.0755929996976211,0.6013888888888935,0.1634149476175303,0.34396397795226596
0.6489951396574674,0.7611508770413481,0.4599074099164351,0.16141888870035415,0.5396545968401083,0.131601760551223,0.19421991575106218,0.15289873332725362,0.11762958428041012,0.08953851265731116,0.1085380585374228,0.6689444444444429,0.16245663696237775,0.39615402495412283
0.7881284076313324,0.6588079199723014,0.5541544274640182,0.193569843206359,0.5100075398410656,0.19156641510376232,0.1559252829447904,0.25375543346733076,0.15080626418366996,0.14893020399690143,0.061580273727453616,0.6133888888888932,0.23187410263358876,0.3274454975373425
0.4763552101418197,0.8850368854887657,0.1996465108066245,0.1856687543145599,0.6708623406380191,0.1421025419503821,0.2271385234482402,0.2066185438443848,0.20358856849742918,0.0710732045450636,0.11336157947934691,0.6447222222222233,0.12215179878784826,0.3839580981053206
0.5342535787975191,0.6020971130783834,0.3356934979610331,0.21206697013894052,0.720314944558742,0.15147184456442514,0.17199024796055787,0.1624557279199889,0.1362453535442318,0.047053979980829455,0.11641731004729926,0.5940555555555603,0.13750886092242112,0.38742367932842237
0.6748898320370427,0.6653925656092705,0.4507076806061885,0.16792618700011952,0.6046318908803593,0.1718759782533961,0.16455894092300916,0.2496154227420476,0.2417525164174853,0.05147868210760727,0.08482935854589331,0.6025000000000046,0.1634884525206841,0.3149120355801035
0.6565867406670545,0.849446888034946,0.5252822529503897,0.20894749869400728,0.6597992646553863,0.26917373391718236,0.08669658217901409,0.2323065959285186,0.10813666590400609,0.1360089534754786,0.051756022548890404,0.7028333333333281,0.11183381321448325,0.40686990989157507
0.8078357310761959,0.5413961416325254,0.49796239771223194,0.18255091213200567,0.5671960057700174,0.2641158375509397,0.19932724149439515,0.1863693070652016,0.1642864199483774,0.06781529648228914,0.12239350753133252,0.6436111111111124,0.171881674273197,0.4021286368555482
0.45860194587138964,0.5425761286933809,0.562195995877672,0.25163368613397574,0.579547900337658,0.19007191056030082,0.10946705972783129,0.15344197890485411,0.23014229091298966,0.05014900449189763,0.06278715403717317,0.5500000000000045,0.2594999440827845,0.2759610942521048
0.662234273831976,0.6812030797899338,0.4088061492984104,0.26330444119284097,0.662482323742231,0.18629442154237297,0.19190209824114218,0.2578711586116518,0.17776334116946077,0.08544326473976327,0.05866830982094912,0.6225000000000035,0.17890539471240283,0.3584456511689541
0.8728186890939773,0.7100073548576573,0.5236603165833912,0.19060496687614775,0.630045202056885,0.2529070762601262,0.11398270919091708,0.223704413049577,0.20074222234481487,0.0799354989217596,0.03618387693181555,0.6552777777777777,0.13787769039006126,0.36333620189166715
0.8042160285022011,0.5146253999599564,0.38791428093463387,0.22801958349853774,0.7123132759295998,0.2796811613487837,0.2062820901749406,0.18348308881972286,0.2179285204869349,0.061871234388469226,0.09423494781454489,0.6639444444444434,0.11588424990454188,0.4142218223382351
0.7096586414244663,0.7335392940539339,0.31031228237170916,0.2642019446278962,0.747198562363778,0.14810252485161923,0.1738379299389582,0.23634370473895414,0.21405530743940826,0.1227573313341806,0.0809483490958805,0.6337222222222245,0.132834037913348,0.3446868677080864
0.5580381668092252,0.8916276030098567,0.3489124548084399,0.22374918975644673,0.5185281548416683,0.20507957695727191,0.08102881218774778,0.21357135936387198,0.08363557536015491,0.0559339719112495,0.11882022178618863,0.7067222222222166,0.19365601484419254,0.4066584979398819
0.5836964780184044,0.8263236022868222,0.4571986501708267,0.2416570235584709,0.721033243611177,0.1835230967024012,0.1320827487787869,0.1885108210053556,0.12552852996082897,0.12530703531950302,0.1036495953374465,0.6599444444444439,0.1203288171264318,0.388830661028599
0.7103466345843912,0.5567980986666456,0.3938889688783214,0.2289682649110988,0.4934407305241886,0.1351739622326356,0.10362114097520991,0.25174419923433905,0.1271153587385758,0.04017978089705138,0.03601754719543385,0.6020000000000045,0.27722942184340355,0.3242038782886383
0.6789256139352786,0.8123894748118416,0.5357435469496947,0.2739903924969282,0.6715659521990912,0.13009352105443067,0.20245499407486883,0.21271059537327658,0.22020437770676565,0.1429926820119367,0.06397259242399057,0.6197222222222261,0.18197729143805133,0.32020848073216923
0.8557692547793705,0.46426824915400244,0.27005795263018695,0.2111389046793476,0.5211948497144433,0.17871622967865025,0.17159493098060905,0.21656752651900307,0.16661610291264572,0.10836140167304611,0.09919559419416524,0.6189444444444484,0.23361016718443,0.3581655525616111
0.758001956946996,0.6023744429490765,0.2808007316642794,0.19916093714556085,0.5873648070250889,0.16575771385883098,0.21982645137580503,0.21108462643622683,0.22362197389012645,0.1102484506499479,0.035887505024339114,0.6420555555555569,0.17123944030395782,0.3761630522151026
0.6221489314471538,0.6077261362324059,0.3978004392130965,0.2096310925669728,0.6217285990072352,0.1022488631131525,0.11178951797645312,0.1309186790660366,0.14565251838196885,0.062337206288056696,0.08007278526475817,0.6102777777777821,0.1752069619980691,0.35165581250306166
0.7178249975301337,0.6872726394183966,0.23296282904302734,0.26184529471843976,0.609876731023058,0.1175888130353146,0.12163194051356645,0.17877927062964447,0.15889637696744285,0.1126173157678412,0.057898869036624674,0.6552777777777777,0.1891864968708271,0.36603951483093383
0.8146545974754171,0.5433158727847456,0.20656919605989557,0.1801607136732066,0.6216630772458993,0.2257849590692639,0.21227193207226186,0.17680819162373032,0.1948330865670505,0.04726682098136828,0.08122104807860939,0.7499999999999896,0.09713435741015262,0.4266955925383755
0.5662538655698235,0.5893027949933238,0.5858729645738315,0.17349198076339986,0.4989341903797412,0.27739432486445226,0.207430686803605,0.19299076034964413,0.12821514127616135,0.09293067258251442,0.12267256725282594,0.5640000000000046,0.2511943751496619,0.375276142032252
0.6078943099485963,0.7916510899366126,0.49291946679999976,0.2302087092865069,0.712717108414735,0.27805180804592045,0.10134010237676583,0.11436926376468921,0.14810613539962397,0.13215019945663795,0.08257727298938367,0.7209444444444373,0.09256190601959799,0.4150796005936818
0.6919189159516868,0.6188542127971159,0.30196811492469566,0.22658733974942263,0.7041515637508268,0.13227232399261973,0.10714770669518711,0.1514629881021434,0.1195018416077013,0.13809576430358564,0.09372055353325798,0.6433888888888901,0.1281468240460641,0.3765736049235927
0.7359019205338744,0.5308301407010914,0.5993454222963353,0.16516754919292595,0.577982484739286,0.15941442072903603,0.1778727188975769,0.22281984162800597,0.11148916982410145,0.04492253682417798,0.06995862007597986,0.6026111111111156,0.17600750032216658,0.3610348557025159
0.8000945187482924,0.8217607751537976,0.4104186094858172,0.21833184426900426,0.5988222618590467,0.11298597824149005,0.16428767982370057,0.09837851494582175,0.16926940921854136,0.1116020722455078,0.07254315226524205,0.7428749999999908,0.1265029365727099,0.41610884284064104
0.8624414944948791,0.49941733678552797,0.3940530120159136,0.23651099472648596,0.7101913893386662,0.2201840035120226,0.1689186674572472,0.24476396212240029,0.22966164137858097,0.0547026977392285,0.11960710451649714,0.613277777777782,0.14518417844107323,0.34644343492083723
0.49655651433418313,0.5545560161349088,0.2522831635229609,0.22563102432986337,0.7278304639833673,0.17163789399183751,0.10509617209806746,0.21554584799816026,0.1880606521895844,0.13265640259314568,0.050744528082904666,0.5500000000000045,0.1614159666580522,0.30980234098871295
0.792739578597164,0.7230186471861748,0.3703272695623362,0.22502475199640914,0.6789762234642452,0.27708014984201007,0.23740601041651954,0.1509484191885182,0.16872123124070926,0.06500565539702849,0.1102766932234434,0.7499999999999896,0.09172571974426597,0.47287768161551863
0.5461727459147301,0.8356334574174508,0.5477130370581279,0.20928818290725137,0.48556475919273645,0.15257998689172383,0.23865352616468172,0.18258781581697747,0.16155638091571178,0.042589696852401576,0.10097882906320099,0.6269444444444475,0.253833341765079,0.3694085661424241
0.5178842134727927,0.8361010230836475,0.18867666639471814,0.25983992453928545,0.7329237944269597,0.18806818370759115,0.22051717208444843,0.12334972193378292,0.16198062150803783,0.10284563709988334,0.08028582112966741,0.7499999999999896,0.08477301811944916,0.4638029951230108
0.8156287033539346,0.5334186500389941,0.4734030857743404,0.19570308571283415,0.681978885215542,0.2685302453262346,0.20055983710845152,0.13897212981045914,0.08941587174928148,0.1448743532536424,0.04251411783731554,0.7499999999999896,0.08084650615703959,0.47313217823730136
